bapid,country,latitude,longitude
F10003,Honduras,12.995,-87.2575
F10004,Honduras,13.10877137,-87.2459919
F10015,Nicaragua,12.93032355,-87.47292953
F10030,Ecuador ,-2.511483333,-79.92304167
F10042,China,21.11776742,110.5782088
F10044,India,15.496343,80.166914
F10058,Bangladesh,22.46631522,89.07246541
F10060,Indonesia,-8.309638889,112.0310972
F10061,Vietnam,10.34358075,104.583479
F10064,Thailand,8.156008333,98.42501111
F10068,Thailand,8.213227778,98.30929444
F10073,China,22.05266379,110.7366248
F10097A,Thailand,10.12647818,98.7390451
F10097B,Thailand,9.40077335,98.42087116
F10100A,Thailand,9.263888889,99.56888889
F10100C,Thailand,9.260351038,99.59249182
F10105,China,22.11324697,113.2534487
F10106,Thailand,12.57182111,102.0147333
F10110A,China ,22.89079627,115.167362
F10111,China,21.49332866,110.8594646
F10112,Colombia,2.708785352,-75.44573135
F10115,Indonesia,-4.032237571,105.7464775
F10118,China,23.29000173,111.7423431
F10137,Thailand,12.29169444,102.6123611
F10146A,Thailand,7.417935946,99.58511553
F10146B,Thailand,7.419929698,99.5859365
F10148,Thailand,7.825230556,100.3356694
F10167C,Thailand,11.69801944,99.73465556
F10167F,Thailand,13.22166667,99.95472222
F10182,China,20.63805556,110.4
F10193A,Costa Rica,10.409603,-85.109483
F10193B,Costa Rica,10.480219,-85.403931
F10194,Colombia,2.650312822,-75.45431442
F10206,China,22.10666667,113.2486111
F10207,Malaysia,6.239825,100.2311111
F10213,China,19.48685845,109.8481545
F10215A,Thailand,9.242628333,99.57629333
F10215B,Thailand,9.263055556,99.55944444
F10215C,Thailand,9.208316667,99.23743333
F10219,Vietnam,12.61332947,109.1937483
F10228,Vietnam,16.72602401,107.3989324
F10241,India,15.504282,80.157268
F10242,India,16.77612512,82.26939082
F10243,India,20.790023,72.854681
F10244,India,16.68550673,81.47375128
F10247,China,23.32012729,113.3127741
F10249A,Vietnam,8.829158333,105.153825
F10249B,Vietnam,8.829194444,105.1629056
F10253,Vietnam,10.38330556,105.7245
F10254,China,19.65222222,110.0388889
F10257,Guatemala,14.30694444,-91.901111
F10259A,India ,16.081956,81.115152
F10259B,India,16.811194,82.248359
F10263,Thailand,9.2537697,99.2087304
F10264,Vietnam,10.43270278,104.5595056
F10265,India,15.502506,80.164355
F10266A,Canada,44.92872587,-66.93624172
F10266B,Canada,44.9181,-66.93725
F10266C,Canada,45.0120224,-66.9803587
F10266D,Canada,44.92023003,-66.93016834
F10266E,Canada,45.06025683,-66.83253679
F10266F,Canada,44.67596517,-66.71172752
F10266G,Canada,45.06397242,-66.81349375
F10266H,Canada,45.038639,-66.84335146
F10266I,Canada,45.0601962,-66.83240805
F10267A,Canada,50.85426667,-126.75715
F10267B,Canada,50.32106667,-125.0073833
F10267C,Canada,50.83053333,-126.59755
F10267D,Canada,49.32794444,-125.7961111
F10267E,Canada,49.30658333,-125.7888889
F10267F,Canada,49.27908333,-125.8308167
F10267G,Canada,50.7975,-126.4944333
F10267H,Canada,50.28655,-125.3482833
F10267I,Canada,50.30233333,-125.3378833
F10267J,Canada,49.37483333,-126.0927833
F10267K,Canada,49.21427803,-125.7672752
F10267L,Canada,49.18366,-126.00547
F10267M,Canada,49.24701111,-125.9081083
F10267N,Canada,49.257,-125.924
F10267O,Canada,49.24251,-126.091
F10267P,Canada,49.32458611,-126.0498889
F10267Q,Canada,49.23423333,-125.7517667
F10267R,Canada,49.23423333,-125.7517667
F10267S,Canada,49.34144302,-125.9531845
F10267T,Canada,49.26943333,-125.8105167
F10268A,Canada,50.6077,-126.3633167
F10268B,Canada,49.63851667,-126.3301167
F10268C,Canada,49.6452,-126.3440667
F10268D,Canada,49.63527088,-123.7826796
F10268E,Canada,49.87828833,-126.7616233
F10268F,Canada,50.32433,-125.2605583
F10268G,Canada,49.887605,-126.7908783
F10268H,Canada,49.6595,-126.4796
F10268I,Canada,49.65621,-126.43114
F10268J,Canada,49.79609667,-124.098635
F10268K,Canada,49.62855167,-123.8445767
F10268L,Canada,49.61542167,-123.831955
F10268M,Canada,49.67097,-123.86142
F10268O,Canada,49.65901,-126.4521
F10268P,Canada,49.77853,-124.15433
F10268Q,Canada,50.59967602,-126.359016
F10268R,Canada,49.64708056,-126.4329778
F10271,China,22.04938028,113.2120247
F10273A,Chile,-42.46457778,-72.44398889
F10273B,Chile,-42.72490556,-73.60887222
F10273C,Chile,-42.22508056,-72.53304444
F10273D,Chile,-41.98106389,-72.49257222
F10273E,Chile,-42.25702222,-72.43808889
F10273F,Chile,-44.56274167,-74.22981111
F10273G,Chile,-42.881225,-72.76916667
F10273I,Chile,-44.35068056,-73.73330556
F10273J,Chile,-42.37102222,-72.43393333
F10273K,Chile,-42.74951389,-73.58512778
F10273L,Chile,-42.55630556,-72.61328889
F10273M,Chile,-42.54733333,-72.53809167
F10273N,Chile,-42.56724167,-72.56198056
F10273O,Chile,-42.74155278,-73.01085
F10273Q,Chile,-44.40044178,-73.6441864
F10273S,Chile,-44.28393056,-74.23821111
F10273T,Chile,-44.34786418,-74.26199569
F10273U,Chile,-44.36495,-73.77969444
F10273V,Chile,-44.11749722,-73.66043889
F10273Y,Chile,-44.5894,-74.1779
F10274,Vietnam,9.1693,105.2412444
F10283,Indonesia,-8.386944444,113.4055556
F10287,China,19.88027778,110.6836111
F10290A,Canada,50.4055,-125.7028333
F10290AA,Canada,50.83224486,-127.5206271
F10290AB,Canada,50.8999,-127.97322
F10290AC,Canada,50.41348956,-125.658744
F10290AD,Canada,50.88229185,-127.4967224
F10290AE,Canada,52.72061667,-128.5761167
F10290AF,Canada,52.67686667,-128.57535
F10290AG,Canada,50.89321667,-127.8956833
F10290AH,Canada,50.60166667,-126.6256667
F10290AI,Canada,50.93238333,-127.4206333
F10290AJ,Canada,50.48716667,-125.8891667
F10290B,Canada,50.488,-125.355
F10290C,Canada,50.6701608,-126.4764753
F10290D,Canada,50.42576667,-125.30665
F10290E,Canada,50.47393333,-127.7988167
F10290F,Canada,50.46953333,-127.8375
F10290G,Canada,52.79553333,-128.3141
F10290H,Canada,50.65694444,-126.6666667
F10290I,Canada,50.5035,-126.18
F10290J,Canada,50.906,-127.34
F10290K,Canada,50.30893333,-125.3173833
F10290L,Canada,50.67361111,-126.1833333
F10290M,Canada,50.893,-127.254
F10290N,Canada,52.79933333,-128.409
F10290O,Canada,52.79813,-128.4043667
F10290P,Canada,50.45751667,-127.8911
F10290Q,Canada,50.6968,-126.2583
F10290R,Canada,50.4851,-127.8772667
F10290S,Canada,50.41783333,-125.7662
F10290T,Canada,50.608,-126.363
F10290U,Canada,50.67,-126.475
F10290V,Canada,50.78611111,-126.41
F10290W,Canada,50.82135,-127.5576
F10290X,Canada,52.78506667,-128.3348333
F10290Y,Canada,50.81463333,-127.4910167
F10290Z,Canada,50.4744516,-125.8083478
F10296,Canada,47.65166879,-55.47290955
F10296A,Canada,47.49887401,-55.7052309
F10296B,Canada,47.4993669,-55.70347137
F10296C,Canada,47.66821386,-55.12720413
F10296D,Canada,47.67416117,-55.132138
F10296E,Canada,47.538333,-55.753333
F10296F,Canada,47.56,-55.748333
F10296G,Canada,47.65683752,-55.3689261
F10296H,Canada,47.49925383,-55.70355806
F10296J,Canada,47.70372298,-55.44252548
F10296K,Canada,47.69166667,-55.01022222
F10296L,Canada,47.64381064,-55.45228614
F10296M,Canada,47.51,-55.77
F10296N,Canada,47.653333,-55.236667
F10296O,Canada,47.63532957,-55.22527267
F10296P,Canada,47.67240856,-55.33604221
F10296Q,Canada,47.65185092,-55.47338204
F10296R,Canada,47.7145968,-55.39645629
F10296S,Canada,47.66628041,-55.37570629
F10296T,Canada,47.56833333,-55.40333333
F10296U,Canada,49.5783082,-55.35725087
F10297,Thailand,17.73055556,104.4019444
F10302A,Chile ,-46.32070702,-73.61301098
F10302B,Chile,-46.21827936,-73.52402343
F10302C,Chile,-46.25083333,-73.57583333
F10302D,Chile,-46.28683889,-73.53458611
F10302E,Chile,-46.215,-73.525
F10302F,Chile,-46.12138889,-73.45333333
F10302G,Chile,-46.21416667,-73.52130833
F10302H,Chile,-46.19166667,-73.51944444
F10302I,Chile,-46.16599167,-73.53089167
F10302J,Chile,-46.12292778,-73.49969444
F10302K,Chile,-46.14920278,-73.46739722
F10302L,Chile,-46.215,-73.525
F10302M,Chile,-44.90239722,-74.26279722
F10302N,Chile,-46.21548808,-73.54874268
F10302O,Chile,-46.20370377,-73.56170568
F10302P,Chile,-46.12481667,-73.45434444
F10304,Vietnam,9.295088889,105.9615194
F10311A,New Zealand,-44.0971333,170.2398056
F10311B,New Zealand,-44.25252222,170.0332833
F10311C,New Zealand,-44.29116543,170.0853916
F10315A,Chile,-42.1090513,-73.38444386
F10315B,Chile,-42.30563333,-73.30898611
F10315C,Chile,-42.35849167,-72.78399444
F10315D,Chile,-42.57674167,-73.43425556
F10315E,Chile,,
F10328A,Chile,-45.20138889,-74.01722222
F10328B,Chile,-45.25354444,-73.93610556
F10328C,Chile,-45.03333333,-74.03416667
F10328D,Chile,-45.52166667,-73.99277778
F10328E,Chile,-45.52314506,-73.99283323
F10328F,Chile,-45.02146111,-73.72371111
F10328G,Chile,-44.44493333,-74.39478889
F10328H,Chile,-44.88811315,-74.26148243
F10328I,Chile,-45.19409167,-74.28654444
F10328J,Chile,-45.20629167,-74.23954444
F10328K,Chile,-45.80491909,-74.39621601
F10328L,Chile,-41.74690833,-72.71246944
F10328M,Chile,-45.02101731,-73.43398704
F10328N,Chile,-45.35490833,-73.05283889
F10328O,Chile,-44.80622222,-74.11685556
F10328P,Chile,-45.01805556,-74.09777778
F10328Q,Chile,-45.31939444,-74.48261944
F10328R,Chile,-44.80622222,-74.11685556
F10328S,Chile,-45.21004722,-74.14722222
F10328T,Chile,-45.15694444,-74.14722222
F10328U,Chile,-44.31118278,-74.31840972
F10328V,Chile,-44.18214444,-74.29414167
F10331A,New Zealand,-41.2474215,174.238058
F10331B,New Zealand,-41.23613039,174.2434233
F10331C,New Zealand,-41.16913056,174.319025
F10331D,New Zealand,-41.2114,174.1405917
F10331E,New Zealand,-40.94866667,173.9531167
F10331F,New Zealand,-40.96992222,173.9539222
F10331G,New Zealand,-41.00464722,173.9677833
F10331H,New Zealand,-41.22268333,174.2679485
F10331I,New Zealand,-41.22944444,174.2699917
F10332,Thailand,8.211666667,98.33055556
F10340,China,20.941084,110.5219837
F10345,China,20.75696062,110.028012
F10350A,India,16.39210309,81.71476922
F10350B,India,16.4034,81.771154
F10350C,India,16.34447689,81.72786398
F10350D,India,16.50451258,81.80789037
F10350E,India,16.80830556,81.67169444
F10350F,India,16.50816667,81.80077778
F10350H,India,16.55105556,80.97105556
F10350I,India,16.38611111,81.14138889
F10350J,India,16.61575,81.63666667
F10353,United States,48.14,-119.0986111
F10354,Vietnam,10.24225571,105.5710713
F10358,India,19.953236,86.310267
F10362A,Chile,-44.80622222,-74.11685556
F10362B,Chile,-44.52402778,-73.31411667
F10362C,Chile,-44.63165607,-73.84018249
F10362D,Chile,-44.53161944,-73.64934167
F10362E,Chile,-44.50696667,-73.615025
F10363A,India,14.191314,79.9985094
F10363B,India,14.19146389,79.99886389
F10363C,India,14.19146389,79.99886389
F10363D,India,14.19146389,79.99886389
F10363E,India,14.19243579,79.99899788
F10373A,Chile,-45.03388889,-74.31222222
F10373B,Chile,-44.77408889,-74.12959722
F10373C,Chile,-44.63235,-73.84191944
F10373D,Chile,-45.029275,-74.32520556
F10373E,Chile,-45.86931944,-73.66976667
F10373F,Chile,-44.77408889,-74.12959722
F10373G,Chile,-44.99474167,-73.89326944
F10373H,Chile,-44.88777778,-74.25666667
F10373I,Chile,-44.85166667,-74.33305556
F10373J,Chile,-42.93337689,-73.42746391
F10373K,Chile,-44.99190833,-73.89161667
F10373L,Chile,-45.03251111,-74.10825278
F10373N,Chile,-44.78086637,-74.02480431
F10373O,Chile,-44.77638889,-74.13305556
F10373P,Chile,-43.0387363,-72.77660251
F10373Q,Chile,-43.1415,-73.64480556
F10377,Vietnam,9.281944444,105.8938889
F10378,Vietnam,9.273625171,105.6300583
F10380,China,19.915037,110.642603
F10382,China ,21.0835681,110.2056869
F10383,Indonesia,-7.95776001,114.4186167
F10387,Vietnam,9.244166667,105.8211111
F10388A,Thailand,7.119194444,99.75597222
F10388B,Thailand,6.853922222,99.83015278
F10388C,Thailand,6.632072222,100.1223528
F10388D,Thailand,7.121111111,99.75522222
F10388E,Thailand,6.951361111,99.75822222
F10388F,Thailand,6.954944444,99.75488889
F10389,China,19.01055556,110.2677778
F10390,China,20.05222222,110.62
F10391,Vietnam,11.27412829,108.7412437
F10392,Indonesia,2.776414795,98.81271969
F10393,Vietnam,16.71093058,107.4214842
F10395A,Canada,46.19590952,-62.57107573
F10395B,Canada,46.17451667,-62.58153333
F10395C,Canada,46.02900742,-62.55442886
F10395D,Canada,46.22792302,-62.5987175
F10395E,Canada,46.12660389,-62.48053207
F10395F,Canada,46.37237465,-62.98873214
F10395G,Canada,46.13188603,-62.89346
F10395H,Canada,46.42219187,-62.61416014
F10395I,Canada,46.54204938,-63.81544646
F10395J,Canada,46.49684424,-63.45530776
F10395K,Canada,46.44411455,-63.30407753
F10399,Vietnam,9.520326382,105.4648911
F10400,India,14.75421667,80.10420833
F10402,Thailand,6.958642549,99.77479599
F10409A,India,16.68685278,81.76896944
F10409B,India,16.6868222,81.76846168
F10409C,India,16.68371944,81.76851944
F10409D,India,16.69378611,81.76807222
F10410A,Canada,44.93481667,-66.97955
F10410AA,Canada,44.68986667,-66.71365
F10410AB,Canada,44.66715,-66.72168333
F10410AC,Canada,45.02758438,-66.83446798
F10410AD,Canada,47.67893473,-56.17768593
F10410AE,Canada,44.96548333,-67.01356667
F10410AF,Canada,47.72838333,-56.16911667
F10410AG,Canada,44.65763333,-66.70926667
F10410AH,Canada,44.61683333,-66.83995
F10410AI,Canada,45.03003333,-66.86718333
F10410AJ,Canada,44.72953333,-66.73623333
F10410AK,Canada,45.09215,-66.61343333
F10410AL,Canada,44.61133333,-66.82763333
F10410AN,Canada,44.99878333,-66.91121667
F10410B,Canada,45.01455,-66.97233333
F10410C,Canada,44.261398,-66.346546
F10410E,Canada,44.88698333,-66.9588
F10410F,Canada,45.00491667,-66.9268
F10410G,Canada,45.00873333,-66.92903333
F10410H,Canada,44.87786667,-66.96743333
F10410I,Canada,45.00104077,-66.94526532
F10410J,Canada,45.03052339,-67.00496979
F10410K,Canada,45.04359393,-66.87382049
F10410L,Canada,44.71898408,-66.73125572
F10410M,Canada,45.05266423,-66.8583508
F10410N,Canada,43.68672417,-65.17943773
F10410O,Canada,43.65486667,-65.28333333
F10410P,Canada,44.50413333,-64.04976667
F10410Q,Canada,43.68242281,-65.18256969
F10410R,Canada,44.67633748,-66.71057052
F10410S,Canada,44.68256255,-66.69988461
F10410T,Canada,44.72459779,-66.71853218
F10410U,Canada,44.7627389,-66.73685746
F10410V,Canada,44.62193126,-66.73619098
F10410W,Canada,45.0624195,-66.8328544
F10410X,Canada,44.71784444,-66.732175
F10411A,United States,44.8969,-67.0076
F10411B,United States,44.89630365,-67.0618309
F10411C,United States,45.04271154,-66.82517724
F10411D,United States,44.642364,-66.840289
F10411E,United States,44.12058333,-68.4385
F10411F,United States,44.60299314,-67.38226089
F10411G,United States,44.89815198,-67.00784597
F10411H,Canada,44.50285,-67.57538333
F10411I,Canada,44.49178333,-67.58011667
F10411J,Canada,44.49375,-67.55368333
F10412A,Newfoundland,47.647711,-56.220242
F10412B,Newfoundland,47.62499023,-55.87719269
F10412C,Newfoundland,47.64164786,-55.9161169
F10412D,Newfoundland,47.63265456,-55.89259929
F10412E,Newfoundland,47.63658751,-55.90633221
F10413B,India,15.7056405,80.27810018
F10413C,India,14.13600239,79.92794058
F10414,Thailand,9.441577259,98.45958037
F10415,Australia,-41.16522197,146.9146317
F10416,Vietnam,10.26266763,104.5852385
F10421,India,9.899473,79.123996
F10422A,Australia,-42.26072222,145.3246944
F10422B,Australia,-42.30522222,145.32625
F10422C,Australia,-42.2896,145.30415
F10422D,Australia,-42.34082,145.40819
F10425E,India,14.147101,79.930075
F10425F,India,14.19159,80.010667
F10425G,India,14.17677,79.992614
F10425I,India,14.18997,79.964109
F10425J,India,14.188639,79.962285
F10426,Australia,-17.70494167,146.0383278
F10427,Mexico,29.19021667,-109.7067833
F10429,China,22.05062,113.20084
F10430,India,15.65123889,80.18080278
F10432B,Thailand,9.253611111,99.59138889
F10432D,Thailand,10.26596,99.14481
F10433,India,15.708401,80.217153
F10434,China,23.93000634,106.130163
F10440F,India,16.837848,81.7331
F10440G,India,16.8816,82.1053
F10440H,India,16.8557,82.1239
F10441,Thailand,11.95972222,99.83305556
F10442A,India,15.32782,80.069343
F10442B,India,15.52124,80.194681
F10443,Indonesia,-7.721647222,113.7209333
F10444,Vietnam,9.195646241,105.6325047
F10446,Indonesia,-5.89369,105.72661
F10447,India,18.398915,84.145039
F10448A,India,17.30066389,82.603425
F10448B,India,16.856155,82.095037
F10448C,India,16.848218,82.102079
F10448D,India,16.853282,82.122357
F10448E,India,16.84819444,82.10477778
F10450A,Thailand,8.300197,98.391515
F10450B,Thailand,8.421227,98.557491
F10450C,Thailand,8.215844,98.339288
F10450D,Thailand,8.199013,98.413038
F10450E,Thailand,8.205602,98.311077
F10450F,Thailand,8.168611111,98.30527778
F10450G,Thailand,8.176111111,98.31055556
F10450H,Thailand,8.173333333,98.30361111
F10456,Thailand,12.72611111,101.7905556
F10457A,Canada,46.52334348,-63.72273557
F10457B,Canada,46.47863108,-63.45530776
F10457C,Canada,46.1654705,-62.52934568
F10457D,Canada,46.14671258,-63.21743316
F10457E,Canada,46.427872,-62.65867
F10458,Chile,-42.56076389,-73.66574444
F10459,China,21.46393047,109.7439556
F10462,Saudi Arabia,20.30129236,39.99075623
F10463,Saudi Arabia,20.26561111,39.99860833
F10465,Vietnam,10.44013333,107.3038611
F10469,China,19.49581944,110.4457935
F10470,China,19.60462852,110.2907507
F10471,China,19.57169286,110.2722486
F10473,Vietnam,10.24893666,106.189042
F10474,Vietnam,10.01386111,106.3444722
F10482,Vietnam,9.44025,106.1069722
F10486,Indonesia,-7.768694444,113.3548
F10487,Peru,-5.099117165,-80.56227035
F10488,Indonesia,-8.37897332,114.3493458
F10492,Vietnam,12.63326967,109.3065195
F10493,Guatemala,15.95763056,-89.267275
F10494,Colombia,5.55624,-72.90257
F10495,Colombia,2.437947222,-76.46694167
F10496,Colombia,2.633211111,-75.44725278
F10497,United States,42.70597,-114.82755
F10498,United States,42.67400519,-114.8128778
F10499,United States,42.67262634,-114.7748081
F10500,United States,42.65938213,-114.64278
F10502A,Chile,-43.9247761,-73.91029673
F10502B,Chile,-43.92233418,-73.8787003
F10504,Peru,-15.90355763,-69.72797112
F10505,India,16.39854007,81.47718473
F10506,Vietnam,9.168623,105.58521
F10507A,India,16.59643333,81.55706944
F10507B,India,16.50946111,81.50848333
F10507C,India,16.68456667,81.47324722
F10507D,India,16.68191896,81.4725606
F10507E,India,16.64728889,81.21851389
F10509,New Zealand,-46.979292,168.1108206
F10510,New Zealand,-46.99041707,168.1076878
F10516A,Thailand,9.226665783,99.56064863
F10516C,Thailand,9.227121154,99.56045551
F10517,China,25.91591879,119.4696347
F10518A,Ecuador ,-2.784416667,-79.76669444
F10518B,Ecuador ,-2.469861111,-80.02313889
F10520,Vietnam,8.789677551,105.238059
F10521,Ecuador ,-2.695794444,-80.00757778
F10522,China,21.77950284,110.6106743
F10523,India,14.15333333,79.90444444
F10525,China,19.8736095,110.8640568
F10526,China,19.90482602,110.6298004
F10527,China,19.72426061,110.7975324
F10532A,Thailand,7.725472222,99.173
F10532G,Thailand,7.677972222,99.26602778
F10532H,Thailand,7.771888889,99.15827778
F10532I,Thailand,7.699416667,99.21797222
F10532K,Thailand,7.719601216,99.18349786
F10532L,Thailand,7.813305556,99.16775
F10533A,Chile,-44.32752794,-73.93452503
F10533AA,Chile,-44.53161944,-73.64934167
F10533AB,Chile,-44.58441667,-73.96844444
F10533AE,Chile,-44.52445278,-73.78600556
F10533AH,Chile,-44.69536944,-73.64220556
F10533AI,Chile,-44.32949722,-73.70843611
F10533AJ,Chile,-44.24838389,-73.8797513
F10533AK,Chile,-44.74719653,-73.89747448
F10533AL,Chile,-44.87843889,-73.65028333
F10533AM,Chile,-44.65864444,-72.87863333
F10533AN,Chile,-44.60734722,-72.9234
F10533AO,Chile,-44.92697778,-73.74131944
F10533AQ,Chile,-45.07468889,-73.27760833
F10533AR,Chile,-44.32957222,-73.87915278
F10533AS,Chile,-44.48965,-74.23151111
F10533AT,Chile,-44.74735833,-73.96978889
F10533AU,Chile,-44.56662778,-73.93589167
F10533B,Chile,-44.34476681,-73.86356944
F10533C,Chile,-44.336239,-73.90014722
F10533D,Chile,-44.93009919,-73.73781741
F10533E,Chile,-44.99094178,-73.72149722
F10533F,Chile,-44.99447446,-73.72133788
F10533G,Chile,-44.05858069,-73.11676667
F10533H,Chile,-44.55305556,-72.70222222
F10533I,Chile,-44.57263611,-72.71748333
F10533J,Chile,-44.75832222,-72.76869167
F10533K,Chile,-44.93857231,-73.15523333
F10533O,Chile,-44.78605014,-72.93452503
F10533P,Chile,-44.55305556,-72.70222222
F10533Q,Chile,-43.91006275,-73.81506499
F10533R,Chile,-45.15991435,-73.34832458
F10533U,Chile,-44.62602778,-72.78402222
F10533V,Chile,-44.44804722,-73.99223611
F10533W,Chile,-44.28859722,-73.86211111
F10533X,Chile,-44.60700833,-73.79441667
F10533Z,Chile,-44.25793133,-73.81018467
F10534,Vietnam,10.43808333,105.5766667
F10535,Ecuador ,-2.588316667,-80.06066667
F10536,Ecuador ,-2.591335942,-80.04542026
F10537,Ecuador ,-2.578788889,-80.03781944
F10538,Ecuador ,-2.58095,-79.96694167
F10539,Chile,-44.60055556,-72.73722222
F10539A,Chile,-44.98166667,-73.77055556
F10539B,Chile,-44.59055556,-72.68027778
F10539C,Chile,-44.68,-72.79138889
F10539D,Chile,-44.74194444,-72.73138889
F10539E,Chile,-43.96611111,-73.12861111
F10539F,Chile,-42.46638889,-73.25361111
F10539G,Chile,-43.93722222,-73.115
F10539M,Chile,-44.20239444,-74.24366944
F10539R,Chile,-45.00702778,-73.77458333
F10539S,Chile,-42.59501389,-73.31513889
F10539T,Chile,-42.06299444,-72.49834444
F10539U,Chile,-44.21140194,-74.2868025
F10539V,Chile,-45.28194444,-74.14946389
F10547A,Vietnam,10.76808333,105.8528333
F10547B,Vietnam,10.79922325,105.8183603
F10547C,Vietnam,10.67616667,105.950275
F10547D,Vietnam,10.66679167,105.9539167
F10547E,Vietnam,10.77519166,105.8284244
F10547F,Vietnam,10.76679444,105.8334722
F10548,China,20.44773711,110.4725506
F10550,China,20.58444444,110.4491667
F10551A,United States,44.62538,-67.3157
F10551B,United States,44.63345,-67.29728
F10551C,United States,44.60445,-67.3831
F10551D,United States,44.62182741,-67.31627855
F10552A,Chile,-41.59315914,-72.743898
F10552B,Chile,-41.55369538,-72.77566566
F10552C,Chile,-45.04010068,-73.52358397
F10552D,Chile,-44.42444444,-72.64388889
F10552E,Chile,-44.64430556,-72.85833889
F10552F,Chile,-44.81611111,-72.85833333
F10556A,Canada,44.636125,-66.844589
F10556B,Canada,45.065,-66.6903
F10556C,Canada,44.62902778,-66.83316667
F10556D,Canada,47.61531667,-55.85396667
F10556E,Canada,44.642364,-66.840289
F10556F,Canada,44.042325,-64.63885
F10556G,Canada,44.64594444,-66.79686111
F10556H,Canada,47.65126111,-55.76846667
F10556I,Canada,47.64355278,-55.73424444
F10556J,Canada,44.61244444,-66.82708333
F10556K,Canada,44.62427778,-66.80125278
F10556L,Canada,44.65419444,-65.75396667
F10556M,Canada,45.10355,-66.579967
F10556N,Canada,45.08055556,-66.64388889
F10556P,Canada,44.66952778,-65.72097222
F10556Q,Canada,45.0813,-66.48775
F10557,United States,48.40804444,-122.5593528
F10559,India,16.4,81.45
F10559A,India,16.57270278,81.52206111
F10559B,India,16.46271667,81.53511667
F10559C,India,16.598552,81.4500763
F10560,India,15.877605,80.582769
F10563,China,21.5450002,111.3632478
F10566,Thailand,13.39921067,99.81599193
F10567,Thailand,13.55893056,101.0310583
F10568,Thailand,10.24593827,99.11981192
F10570,Chile,-42.180556,-72.454667
F10570A,Chile,-41.51760087,-72.98714904
F10570B,Chile,-42.180556,-72.454667
F10570C,Chile,-42.241037,-72.447352
F10570D,Chile,-42.27581001,-72.52177505
F10570E,Chile,-42.03822,-72.52722
F10570F,Chile,-42.10381,-72.46606
F10570G,Chile,-42.0575,-72.64214
F10570H,Chile,-42.43,-73.34
F10570I,Chile,-42.43,-72.42
F10570J,Chile,-42.11,-72.49
F10570L,Chile,-42.05932778,-72.63032222
F10570M,Chile,-42.08,-72.47
F10570N,Chile,-42.13149722,-73.46424444
F10571,United States,48.13845556,-123.4202917
F10572A,Phillippines,18.26197582,121.9094364
F10572B,Phillippines,18.27804636,121.8254202
F10572C,Phillippines,18.26455756,121.8685501
F10575A,Chile,-42.70027,-73.581896
F10575AA,Chile,-44.6656,-73.82382222
F10575AB,Chile,-44.74206389,-73.855975
F10575AC,Chile,-44.83047222,-73.78410278
F10575AD,Chile,-45.45606111,-74.13595
F10575AE,Chile,-44.73619167,-73.94105833
F10575B,Chile,-42.673292,-73.607313
F10575C,Chile,-42.51324705,-73.75962867
F10575D,Chile,-41.605837,-72.986151
F10575E,Chile,-41.945045,-72.833586
F10575F,Chile,-41.569056,-72.965808
F10575G,Chile,-41.707593,-72.951104
F10575H,Chile,-41.594138,-73.067134
F10575I,Chile,-45.147478,-74.257291
F10575J,Chile,-43.25739632,-73.66204176
F10575K,Chile,-43.1853,-73.68266111
F10575L,Chile,-44.66990833,-73.86011667
F10575M,Chile,-44.81793838,-73.7230545
F10575N,Chile,-44.72273889,-73.61605
F10575O,Chile,-44.07308611,-73.14848333
F10575P,Chile,-44.26518333,-73.07255833
F10575Q,Chile,-44.55901667,-73.15393611
F10575R,Chile,-41.66598611,-73.05331944
F10575T,Chile,-41.55262222,-73.00948889
F10575U,Chile,-41.81450556,-73.33234722
F10575V,Chile,-43.94623611,-73.84579722
F10575W,Chile,-44.78253333,-73.30983056
F10575X,Chile,-43.31865,-73.71741389
F10575Y,Chile,-44.15168611,-73.84821944
F10575Z,Chile,,
F10576,China,21.47083333,110.7702778
F10578C,India,14.594325,80.16682222
F10579,Vietnam,10.47813611,107.3415972
F10580,Vietnam,10.70230737,105.277693
F10582,Mexico,28.42176389,-111.5761
F10584A,Chile,-42.63555556,-73.53583333
F10584B,Chile,-42.64472222,-73.45472222
F10584C,Chile,-42.590675,-73.4
F10584D,Chile,-42.63018884,-73.57061062
F10584E,Chile,-42.5497418,-73.45244064
F10584F,Chile,-42.67033239,-73.58058586
F10585,Chile,-45.62505833,-73.29840833
F10585B,Chile,-45.37734167,-73.03167222
F10585C,Chile,-45.69623155,-73.36043272
F10585D,Chile,-45.298375,-73.112075
F10585E,Chile,-45.56646389,-73.87588611
F10585F,Chile,-42.603547,-73.335697
F10585G,Chile,-42.648825,-73.676608
F10585H,Chile,-42.645861,-73.672344
F10585I,Chile,-42.134258,-72.585025
F10585J,Chile,-42.161875,-72.524886
F10585N,Chile,-44.98005278,-73.49193056
F10585O,Chile,-45.37361111,-74.15333333
F10585P,Chile,-41.93293333,-73.52570278
F10586A,Chile,-45.27350931,-74.29984703
F10586B,Chile,-45.32138889,-74.255925
F10588,India,20.77302778,72.88137778
F10589,Vietnam,10.29965833,105.7983222
F10590,India,15.87742,80.511861
F10590B,India,15.95911111,80.82266667
F10591,Peru,-13.170512,-75.070273
F10593A,Thailand,7.418055556,99.58527778
F10593B,Thailand,7.367961111,99.39715278
F10594A,Chile,-42.20143333,-73.40825833
F10594B,Chile,-42.57783889,-73.41697222
F10594C,Chile,-42.48237778,-73.66511389
F10595,Ecuador ,-2.490302153,-80.16626515
F10596,Honduras,15.01346786,-87.73745992
F10597,Honduras,14.88243409,-87.9770992
F10598,Honduras,13.07698333,-87.25454167
F10599,Honduras,13.12398333,-87.33171944
F10600,Honduras,13.0225374,-87.21794307
F10601,Honduras,13.10697222,-87.29908889
F10602,Honduras,13.34325278,-87.41864444
F10604,Ecuador ,-2.460952778,-80.16484167
F10605,Mexico,28.3677688,-111.4588382
F10606A,Chile,-42.98358805,-73.5413209
F10606B,Chile,-42.61458274,-73.41579094
F10606C,Chile,-41.80652222,-73.00925
F10606D,Chile,-41.74913611,-73.03428333
F10606E,Chile,-41.850675,-72.811425
F10606F,Chile,-42.33278056,-73.43623889
F10606G,Chile,-42.36452222,-72.48799167
F10606I,Chile,-44.44704722,-72.81248611
F10606J,Chile,-45.48800278,-74.09013333
F10606K,Chile,-44.41274444,-72.79308611
F10606L,Chile,-44.30463333,-72.94349722
F10606N,Chile,-44.79382778,-74.35411111
F10606O,Chile,-44.4002,-72.83898056
F10607,Indonesia,-5.709325,105.5693694
F10609,India,21.34578611,72.69808889
F10610,India,15.83831111,80.91215556
F10611,India,16.63951015,82.22869678
F10612,Ecuador ,-2.468286111,-80.16362222
F10615A,India,15.213565,80.024337
F10615B,India,15.213585,80.028461
F10615C,India,15.2140213,80.03870573
F10615D,India,15.19663611,80.0717
F10615E,India,15.195275,80.08066389
F10617B,India,16.3595006,81.7592912
F10617C,India,16.4501357,81.8686214
F10617E,India,16.344601,81.739021
F10620B,Thailand,9.234336111,99.5118
F10620C,Thailand,9.210347238,99.53571997
F10620D,Thailand,9.226888889,99.55944444
F10620E,Thailand,9.246944444,99.58563889
F10620F,Thailand,9.579722222,98.55972222
F10622,China,19.89174167,110.6885806
F10623,China,19.92036389,110.7333972
F10624,China,19.8747108,110.6928537
F10625A,India,17.11788,82.343125
F10625B,India,17.11788,82.343125
F10625C,India,16.9888222,82.12949925
F10625D,India,16.823058,82.235788
F10625E,India,16.963335,82.16684
F10625F,India,16.968268,82.169266
F10625G,India,16.4044396,81.7642879
F10625H,India,16.3989435,81.7136478
F10625I,India,16.406583,81.785797
F10625J,India,16.465168,81.982335
F10627,Brazil,-20.272375,-50.98000556
F10628A,India,15.830146,80.920934
F10628B,India,15.669483,80.231098
F10628C,India,15.884608,80.594051
F10628D,India,15.88423333,80.51120556
F10629A,Thailand,6.638888889,100.015
F10629B,Thailand,6.623650358,100.0251559
F10629C,Thailand,7.254444444,99.52388889
F10630A,United States,33.17884167,-90.70766389
F10630B,United States,33.30923333,-90.35533333
F10631A,Chile,-43.29014535,-73.65804977
F10631B,Chile,-42.59673333,-73.72927222
F10631C,Chile,-42.59320833,-73.68993056
F10631D,Chile,-42.60298333,-73.73273056
F10631E,Chile,-42.33249167,-73.39192222
F10631F,Chile,-42.54068611,-73.62260833
F10631G,Chile,-42.56611667,-73.72788611
F10631H,Chile,-45.94327778,-74.41551944
F10632A,India,17.45941944,82.17067778
F10632B,India,16.43333333,81.37166667
F10632C,India,17.45222778,82.85632778
F10632D,India,17.45805556,82.12166667
F10632E,India,16.46416667,81.41527778
F10633,United States,32.534,-87.7585
F10638,Ecuador,-2.383752778,-79.78166944
F10639,Mexico,17.1438435,-93.52098899
F10640,Mexico,17.43790476,-93.43841944
F10643,Indonesia,-7.757675524,113.1978254
F10644,Indonesia,-7.725805556,113.4594167
F10647A,India,17.07268611,81.61778611
F10647B,India,16.640425,81.39229722
F10647D,India,16.60232778,81.60657778
F10648,Vietnam,10.3813,105.7188444
F10652A,Chile,-42.41211,-73.43108
F10652D,Chile,-42.37097,-72.77994
F10652G,Chile,-42.34421481,-73.52072067
F10654,Chile,-45.19395833,-73.50375833
F10655D,Thailand,12.27715884,102.5179879
F10657A,Thailand,10.05283355,99.12172122
F10657B,Thailand,10.05417519,99.12173195
F10657D,Thailand,10.69107655,99.32468376
F10657E,Thailand,10.2439,99.120676
F10657F,Thailand,10.326847,99.124542
F10657G,Thailand,10.327415,99.149561
F10658A,India,14.74926114,80.10370038
F10658B,India,15.21757435,80.07823033
F10659C,Thailand,9.638109,98.541557
F10659D,Thailand,9.796611111,98.57761111
F10659E,Thailand,9.459924,98.501263
F10659F,Thailand,9.360444444,98.41225
F10661,India,15.810219,80.43296
F10664,India,16.86415,81.73416944
F10665A,Chile,-42.59222222,-73.23472222
F10665B,Chile,-44.48944444,-74.09694444
F10665C,Chile,-44.7806836,-74.02411766
F10665D,Chile,-44.67041084,-74.44368896
F10665E,Chile,-45.37833333,-73.94472222
F10665F,Chile,-45.60944444,-74.50611111
F10665G,Chile,-45.42805556,-74.15083333
F10665H,Chile,-45.38162067,-73.86999663
F10665J,Chile,-42.39133889,-73.55013056
F10665K,Chile,-42.430375,-73.46628333
F10665L,Chile,-44.54529444,-74.35752778
F10665M,Chile,-44.55700833,-74.196075
F10665N,Chile,-41.84296944,-73.11265833
F10665O,Chile,-42.06333333,-72.54202778
F10666A,India,16.945518,82.1086618
F10666B,India,16.94199086,82.10907068
F10666C,India,16.94486454,82.11125937
F10668,Colombia,2.687865879,-75.43538875
F10669,Colombia,2.692413111,-75.43236762
F10670,Colombia,2.691509665,-75.44045276
F10671,Colombia,2.666230556,-75.43888333
F10672,Colombia,2.662083333,-75.42761111
F10673,Colombia,2.696739554,-75.44088192
F10674,Colombia,2.636258,-75.46145039
F10675,Colombia,2.653236111,-75.45171389
F10676,Colombia,2.686969444,-75.433475
F10677,Thailand,10.26037249,99.16116042
F10678,Thailand,7.960099,100.329404
F10679,Thailand,7.858761,100.349247
F10680,Thailand,9.242405278,99.57711722
F10681,Thailand,12.47472222,102.1402778
F10685,Thailand,12.25600653,102.2829311
F10690,Vietnam,9.241747222,105.796025
F10691,India,15.8493,80.89416667
F10692,Vietnam,9.426116667,106.1285278
F10693,Thailand,12.51638889,102.0541667
F10697,China,19.70615246,110.4681838
F10698B,Thailand,8.966194444,98.40055556
F10698C,Thailand,8.97,98.40027778
F10698D,Thailand,9.202222222,99.495
F10698E,Thailand,9.369361111,99.22194444
F10698F,Thailand,9.086722222,98.41344444
F10698G,Thailand,8.196111111,98.37027778
F10699A,Thailand,7.321519731,99.54703352
F10699B,Thailand,7.297722222,99.47697222
F10699C,Thailand,7.358777778,99.39422222
F10699D,Thailand,7.388583333,99.57152778
F10699E,Thailand,7.394722222,99.57952778
F10700,Thailand,12.48590278,102.1223172
F10700A,Thailand,12.48583333,102.1222222
F10700B,Thailand,12.501944,102.070833
F10701,India,9.504305556,78.47335
F10702A,India,16.402984,81.714933
F10702B,India,16.390519,81.716706
F10702C,India,16.340809,81.746986
F10702D,India,16.346156,81.750511
F10704,China,20.67416667,110.0330556
F10708B,Thailand,9.641108333,98.54700278
F10708C,Thailand,9.479841667,98.504325
F10708D,Thailand,9.713888889,98.57722222
F10708E,Thailand,9.383888889,98.42305556
F10708F,Thailand,8.155555556,98.37836111
F10710,China,21.32666667,110.6361111
F10711A,Thailand,9.19362,99.42355
F10711B,Thailand,9.194444444,99.41944444
F10711C,Thailand,9.193888889,99.40666667
F10711D,Thailand,9.3613,99.24397
F10711E,Thailand,9.474444444,99.23666667
F10711F,Thailand,9.227222222,99.50305556
F10711G,Thailand,9.237222222,99.52333333
F10711H,Thailand,9.237223,99.523331
F10711I,Thailand,9.181388889,99.38388889
F10712A,Thailand,7.36725,99.56975
F10712B,Thailand,7.286027778,99.65175
F10714,Indonesia,-2.0988,106.1493
F10715A,Chile,-42.9439,-72.81316667
F10715B,Chile ,-44.49608889,-73.68368611
F10716,China,19.34722222,110.1586111
F10718,Chile,-45.47944017,-73.49337157
F10718A,Chile,-45.383975,-74.18973889
F10719A,India,15.634,80.218
F10719B,India,15.347526,80.0797578
F10719C,India,15.3328033,80.0688636
F10719D,India,15.3466413,80.0786111
F10719E,India,15.3208426,80.0707559
F10719F,India,15.323577,80.04403
F10720A,India,15.32417,80.082685
F10720B,India,15.388665,80.104731
F10720E,India,15.330296,80.096658
F10720G,India,15.3328033,80.0688636
F10721A,Chile,-42.5743558,-73.38871393
F10721B,Chile,-42.51747951,-73.41875381
F10721C,Chile,-45.15611111,-73.38416667
F10721D,Chile,-45.40662172,-73.07049579
F10721E,Chile,-43.15117222,-73.54993889
F10722B,India,16.78611921,82.18913924
F10722C,India,16.87855663,82.18008957
F10722F,India,16.91110428,82.23393223
F10722G,India,16.10016381,81.11141167
F10722H,India,16.98521657,82.13923974
F10722I,India,16.34985094,81.74463315
F10723A,Thailand,9.225174,99.501739
F10723B,Thailand,9.140141065,99.31281767
F10723C,Thailand,9.195212012,99.483283
F10723D,Thailand,9.181063257,99.383746
F10724A,China,21.752346,109.97972
F10724B,China,20.6742439,110.033235
F10725,China,21.21873883,110.1903502
F10727A,Thailand,9.0428611,98.4165278
F10727B,Thailand,8.89625,98.40294444
F10727C,Thailand,8.974889,98.397739
F10727D,Thailand,9.702880556,98.56874444
F10727E,Thailand,9.576388889,98.57138889
F10727F,Thailand,7.9475,98.39611111
F10728,China,22.70805556,110.1166667
F10729,China,21.75375614,109.3630609
F10730A,India,21.78498238,87.88079825
F10730B,India,21.66797711,87.70254325
F10731,China,25.59863889,119.4574611
F10732,Chile,-45.32714444,-73.08046111
F10733,Chile,-42.60555556,-73.32222222
F10734,Chile,-45.69388889,-74.26888889
F10735,Australia,-37.23726111,145.7715111
F10736,Australia,-37.23618483,145.7339593
F10739A,Thailand,12.38111111,102.1869444
F10739D,Thailand,12.39758333,102.3291694
F10739E,Thailand,12.75713611,101.6648917
F10740B,Thailand,6.648844444,99.98110556
F10740C,Thailand,7.927777778,100.3247222
F10740E,Thailand,6.798436111,99.93288889
F10742,China,21.47111111,111.1472222
F10743,Australia,-16.49282778,123.5309639
F10746,Indonesia,-5.706130556,105.7931222
F10749A,Thailand,12.53805556,102.0133333
F10749C,Thailand,12.55080556,102.09875
F10749D,Thailand,12.49222222,102.0502778
F10752,Bangladesh,21.72994389,91.96485556
F10753,China,21.26111111,110.6516667
F10755,India,16.9790497,82.14838071
F10756,India,15.511192,80.169615
F10757,India,15.31984494,80.05254529
F10758,Thailand,9.075361381,98.4115418
F10759A,Thailand,7.861138889,100.3423056
F10759C,Thailand,7.02775,99.71625
F10760,Australia,-37.91544444,144.6640278
F10762,India,16.46798056,81.96724444
F10764A,Thailand,9.232880556,99.50706667
F10764B,Thailand,9.2403,99.52469167
F10764D,Thailand,9.203185,99.514832
F10764E,Thailand,9.18811,99.495483
F10764F,Thailand,9.205517,99.525918
F10764G,Thailand,9.54069,99.21043
F10764H,Thailand,9.55193,99.202918
F10764I,Thailand,9.358033,99.210678
F10766,Chile,-52.03638889,-72.93083333
F10766A,Chile,-51.76766944,-72.96147222
F10767,Thailand,12.22744444,102.5784167
F10768,Thailand,9.713888889,98.57722222
F10769,Indonesia,-7.936719344,114.42051
F10770A,Thailand,9.731944444,98.58055556
F10770B,Thailand,9.079337,98.41499
F10770F,Thailand,8.450680556,98.61621111
F10771,China,21.745,109.2258333
F10774,China,19.91196657,110.7487754
F10775,Vietnam,16.73330556,107.3712083
F10776,Vietnam,9.342766201,106.1136608
F10778A,Malaysia,5.55460071,100.3626411
F10778B,Malaysia,5.304811111,100.4173056
F10780,Vietnam,14.29010833,109.1727111
F10781C,India,10.15,79.22
F10781D,India,10.41106357,79.45669255
F10781E,India,10.26,79.29
F10781F,India,10.66,79.81
F10781G,India,10.66,79.81
F10781H,India,9.6,78.92
F10781I,India,11.00163333,79.84028889
F10781J,India,10.18634167,79.23928889
F10781K,India,10.74,79.83
F10782,Mexico,31.802275,-116.7871556
F10783,India,14.71553056,80.12443611
F10785,China,19.88194444,109.4677778
F10786,China,19.83809699,110.9176247
F10787,Vietnam,11.82341108,109.1122308
F10788A,United States,47.57151118,-122.541073
F10788B,United States,47.57663573,-122.5278122
F10790,China,19.33327149,110.2016052
F10791,China,19.23298889,110.2045722
F10792,Ecuador,-2.668652778,-80.271775
F10795B,India,21.42886573,86.97496197
F10795C,India,21.14348654,86.81907263
F10796,Ecuador,-2.426452778,-79.98150833
F10797,Ecuador,-2.287358333,-79.85811944
F10798A,India,14.72936667,80.11757778
F10798B,India,14.74991667,80.10705833
F10799A,Thailand,12.49022222,102.0954444
F10799B,Thailand,12.48988889,102.0998889
F10799C,Thailand,12.26344505,102.2786809
F10800A,Thailand,9.273974708,99.54994167
F10800B,Thailand,9.24993049,99.50961914
F10801A,Thailand,9.274138889,99.54653056
F10801B,Thailand,9.250219444,99.51040278
F10802A,Chile,-45.57621301,-74.1621746
F10802B,Chile,-45.56805382,-74.15478973
F10802C,Chile,-45.60791925,-74.18183155
F10803,China,21.56966171,110.5794313
F10804D,Thailand,7.140769704,100.4323555
F10804F,Thailand,7.863022222,100.3201333
F10804H,Thailand,7.984194444,100.3103889
F10805B,Chile,-41.556671,-72.313658
F10805C,Chile,-41.633654,-72.327021
F10805D,Chile,-41.65824145,-72.34625473
F10805E,Chile,-41.6874,-72.47260833
F10805F,Chile,-41.69183333,-72.44391111
F10805G,Chile,-41.57138333,-72.34885278
F10807A,Chile,-42.93589674,-73.58026657
F10807B,Chile,-44.38401712,-72.88260726
F10808A,Chile,-44.27348793,-74.18800964
F10808B,Chile,-45.15967226,-73.34660796
F10809,Panama,9.577431854,-79.33406668
F10810,China,25.43805556,119.5419444
F10812A,Thailand,9.211861111,99.49641667
F10812B,Thailand,10.32530556,99.12936111
F10814,Vietnam,10.263706,106.723056
F10815A,Indonesia,-8.040083333,114.4276111
F10815B,Indonesia,-8.040013889,114.4286944
F10815C,Indonesia,-7.658255556,113.969025
F10816A,Thailand,8.30342,98.73497
F10816B,Thailand,7.99557,98.9647
F10816D,Thailand,8.36151,98.72359
F10816E,Thailand,8.361388889,98.72388889
F10816G,Thailand,8.069444444,98.86111111
F10818A,Chile,-44.63175991,-73.84001169
F10818B,Chile,-44.19960278,-73.18743611
F10818C,Chile,-44.43424564,-72.84557648
F10818D,Chile,-44.86825556,-73.66870556
F10818E,Chile,-44.16263333,-73.80605
F10818E,Chile,-44.16268333,-73.80713333
F10818F,Chile,-44.27075,-73.84511667
F10818F,Chile,-44.26900556,-73.8405
F10818G,Chile,-44.16061667,-73.11428333
F10818G,Chile,-44.16021667,-73.1163
F10818H,Chile,-44.16021944,-73.1163
F10821,India,15.86656355,80.98747902
F10822,Chile,-39.82937795,-71.98323684
F10823,Chile,-39.92570313,-72.55935345
F10824A,Canada,46.42692778,-62.65575278
F10824B,Canada,46.26130556,-62.45588889
F10824C,Canada,46.21855278,-62.54451111
F10824D,Canada,45.76411389,-63.30362778
F10824E,Canada,46.27652222,-60.56764167
F10827A,India,22.66,88.56
F10827B,India,22.65,88.56
F10827C,India,22.63,88.53
F10827D,India,22.63,88.56
F10827E,India,22.66,88.56
F10828,China,19.239178,109.992334
F10831E,Thailand,7.395991667,99.49455
F10831F,Thailand,7.373333333,99.43194444
F10831G,Thailand,6.9383,99.75393056
F10831H,Thailand,7.576585,99.298087
F10831I,Thailand,7.442736111,99.35316111
F10833,Saudi Arabia,26.31914167,43.71232222
F10834,Chile,-44.88372859,-74.3880415
F10835,Thailand,12.40899444,102.1790806
F10837,Thailand,12.72136111,101.7563889
F10840,Indonesia,-5.583333333,120.1166667
F10841,Thailand,12.71655556,101.7566667
F10844D,Chile,,
F10844E,Chile,,
F10845,Chile,-42.62370556,-73.05626944
F10846,Chile,-42.71019146,-73.0652833
F10847,India,16.95,82.13
F10849,India,21.6681,87.7025
F10851,Guatemala,13.98,-91.36
F10853,Australia,-35.38755,148.2465639
F10856,Saudi Arabia,16.63,42.73
F10859,India,18.29,84.07
F10862,Vietnam,8.851758333,105.2389722
F10863,Thailand,12.1725,102.423333
F10864,Australia,-12.55166944,131.3725667
F10866,China,21.576783,111.170894
F10868,Chile,-42.94614723,-73.54388894
F10869,China,29.06629028,112.2561142
F10873,India,16.89,82.22
F10877,Colombia,2.690216667,-75.42963611
F10878,Colombia,2.681113889,-75.42461389
F10879,Colombia,2.652711111,-75.43296667
F10880,Colombia,2.671288889,-75.43764167
F10881,Colombia,2.680027778,-75.44529722
F10882,Colombia,2.686333333,-75.44139444
F10883,Colombia,2.660269444,-75.44791111
F10885,Colombia,3.404222222,-75.16895556
F10886,Colombia,2.671163889,-75.45074167
F10887,Colombia,2.665719444,-75.43885556
F10890,China,,
F10893,Chile,-44.43225556,-72.64581667
F10895,Vietnam,9.434047222,106.1096833
F10896,Vietnam,9.444827778,106.0848639
F10897,Chile,-42.518875,-72.61906944
F10898A,India,15.90123056,80.68456389
F10898B,India,15.90326111,80.67649444
F10898C,India,15.902693,80.656703
F10898D,India,15.90046111,80.65873611
F10898E,India,16.047761,81.065432
F10914A,India,15.32147222,80.09071667
F10914B,India,15.30786111,80.07535556
F10914C,India,15.31593333,80.08774722
F10914D,India,15.31213333,80.08345278
F10915,Vietnam,13.03129167,109.3585806
F10916A,India,17.457464,82.847167
F10916C,India,16.87024438,82.08552998
F10919,Chile,-42.25702222,-72.43808889
F10920,Chile,-42.21361111,-72.460625
F10921,China,21.58222222,109.1525
F10922A,Thailand,13.212415,99.90959167
F10922B,Thailand,13.21413611,99.91340833
F10922C,Thailand,13.18897861,99.91139278
F10923A,Vietnam,10.34347222,104.5834611
F10923B,Vietnam,10.34441389,104.576175
F10924,Vietnam,11.26492778,108.7489361
F10925,Chile,-51.97013889,-72.94546667
F10927,India,14.4,80.17
F10927,India,14.4,80.17
F10928,Chile,-51.94595,-72.92
F10932B,India,16.611369,81.637258
F10932C,India,16.661965,82.225261
F10932D,India,16.615773,81.723515
F10932E,India,16.658105,82.05824
F10932F,India,16.661965,82.225261
F10932G,India,16.859414,82.094766
F10932H,India,16.856315,82.103122
F10932I,India,16.907592,82.209183
F10932J,India,17.096257,82.339209
F10937,Vietnam,9.426547222,106.0414444
F10938,Vietnam,9.42705,106.0435778
F10939,Vietnam,9.420172222,106.04815
F10940,Vietnam,9.417586111,106.0480972
F10941,Vietnam,9.417452778,106.0384528
F10942,Vietnam,9.419033333,106.0381639
F10943,Vietnam,9.417466667,106.0387111
F10944,Vietnam,9.420883333,106.0403472
F10945,Vietnam,9.422633333,106.0449611
F10946,Vietnam,9.423088889,106.0398528
F10947,Vietnam,9.420130556,106.0425611
F10948,Vietnam,9.421172222,106.0477389
F10949,Vietnam,9.421230556,106.0478417
F10950,Vietnam,9.422594444,106.0456444
F10951,Vietnam,9.422825,106.0424583
F10952,Vietnam,9.418211111,106.0385417
F10953,Vietnam,9.420775,106.0418472
F10954,Vietnam,9.429327778,106.0432389
F10955,Vietnam,9.429480556,106.0435667
F10956,Vietnam,9.428780556,106.0431833
F10959,Indonesia,3.595705556,99.07226667
F10960,Indonesia,-5.672594444,104.9158778
F10961,Chile,-44.42736111,-73.62222222
F10962,Thailand,9.232880556,99.50706667
F10963,Thailand,9.2403,99.52469167
F10964,Thailand,9.203185,99.514832
F10965,Thailand,9.187611111,99.49548056
F10966,Thailand,9.205517,99.525918
F10967,Thailand,9.196395,99.408908
F10968,Thailand,9.55193,99.202918
F10969,Thailand,9.358033,99.210678
F10970,Thailand,9.189444444,99.23694444
F10971,Thailand,9.189444444,99.23694444
F10972,Thailand,9.205653,99.240653
F10973,Thailand,9.25025,99.510542
F10974B,Indonesia,-8.3041697,114.359019
F10974B,Indonesia,-8.305366667,114.3640667
F10974C,Indonesia,-7.622338889,114.0193278
F10974E,Indonesia,-8.020663889,114.4265556
F10974E,Indonesia,-8.023044444,114.424175
F10976,Brazil,-20.22,-51.12
F10977,China,19.87348056,110.8136417
F10978,China,19.95475,110.797772
F10982,China,19.72134,110.81595
F10986,China,19.84124,110.7612
F10987,China,20.01784444,110.6475222
F10988,China,19.73302,110.93456
F10989,China,19.67621111,110.7582
F10990,China,19.74641389,110.931875
F10991,China,19.91217222,110.7987722
F10992,China,19.96749,110.80872
F10993,China,19.891875,110.9569306
F10994,China,19.94638889,110.66385
F10995,China,19.9447,110.66709
F10996,China,19.75306944,110.813375
F10997,China,19.98695556,110.7753056
F10998,China,19.874875,110.7781972
F10999,China,19.81464722,110.786425
F11000,China,19.80384444,110.7883361
F11001,China,19.63928611,110.9357472
F11002,China,19.86885,110.87046
F11003,China,19.83216944,110.9200806
F11004,China,19.67858889,110.7513611
F11005,China,19.70838611,110.8714028
F11006,China,19.87666667,110.8651722
F11007,China,19.83346389,110.91985
F11008,China,19.724909,110.770361
F11009,China,19.85409167,110.8849972
F11010,China,19.71524167,110.9239861
F11011,China,19.85471111,110.9037
F11012,China,19.91010278,110.5736889
F11013,China,19.734489,110.92568
F11014,China,19.72885833,110.7997083
F11015A,Thailand,6.951235,99.760485
F11015B,Thailand,6.942813889,99.76740278
F11015C,Thailand,7.135631,99.68626
F11015D,Thailand,7.555436111,99.32497778
F11016,Indonesia,-8.549677778,116.8389167
F11018A,Thailand,7.393333333,99.62027778
F11018D,Thailand,13.507132,100.909435
F11018E,Thailand,13.508816,100.893598
F11019,Mexico,26.85685833,-109.8412111
F11020,Indonesia,-7.73,113.17
F11021,Guatemala,13.56,-90.44
F11022,Indonesia,-6.831408333,105.8363472
F11023,Indonesia,-7.599644444,107.6339306
F11024,Indonesia,-8.403380556,114.3451472
F11027A,Chile,-42.43338889,-73.27206667
F11027B,Chile,-42.46164167,-73.30713611
F11027C,Chile,-42.20573611,-72.54953056
F11027D,Chile,-41.55023611,-72.76756944
F11027E,Chile,-41.8747,-72.89068611
F11027F,Chile,-41.62888611,-73.01967778
F11027G,Chile,-41.80188056,-73.18797222
F11027H,Chile,-44.11724722,-73.66043889
F11027I,Chile,-42.22062778,-73.35536667
F11027J,Chile,-43.02328611,-72.79902222
F11027K,Chile,-41.45757778,-72.32314722
F11028,China,19.90527778,110.6025
F11029,China,25.52147222,119.2683361
F11030,Thailand,8.303819444,98.39030556
F11031,Thailand,12.40605556,102.3321111
F11032,Thailand,9.485772,99.237749
F11034,Thailand,12.40080556,102.1750556
F11035,Thailand,10.413267,99.231197
F11037,Thailand,13.474083,100.923436
F11038,Thailand,9.1883193,99.398847
F11039,Thailand,9.114,99.301
F11040,Thailand,12.50766667,102.0773111
F11041,Thailand,13.02552778,100.0667611
F11042,Thailand,13.421828,100.047028
F11044,Thailand,8.186032,100.283893
F11045,Thailand,12.4433,102.337098
F11046,Thailand,12.445557,102.337098
F11047,Thailand,12.74149444,101.7939778
F11049,Thailand,9.53497847,99.20452508
F11050,Thailand,9.259743,99.584885
F11051,Thailand,9.26133594,99.57507532
F11052,Thailand,12.545399,102.035268
F11053,Thailand,12.582858,102.016129
F11056,Thailand,12.170983,99.98209
F11057,Costa Rica,9.431808333,-84.29664722
F11069,China,31,120.0294444
F11070,Chile,-45.48152222,-73.72833333
F11071,USA,47.00165278,-124.133125
F11072,Chile,-43.00283333,-73.39453611
F11073,Chile,-42.40143611,-73.15191667
F11074,Chile,-42.25520556,-73.17624444
F11075,Panama,9.179133333,-78.85701111
F11076,Chile,-53.14704722,-73.55191667
F11077,Indonesia,-7.94786,114.420851
F11079,Peru,-3.53345,-80.51240833
F11087,Chile,-53.22997222,-73.50064444
F11089A,Thailand,9.446944444,98.48083333
F11089B,Thailand,9.044722222,98.4125
F11089C,Thailand,8.856997222,98.28643056
F11090,Chile,-39.59892222,-72.22169167
F11091,China,19.46121389,110.0538528
F11092,Australia,-37.2966096,145.8350248
F11093,Chile,-39.92347778,-72.67339444
F11094,Thailand,12.114694,102.678177
F11095,Thailand,12.313591,102.342391
F11096,Thailand,12.328944,102.496845
F11097,Thailand,12.148005,102.661818
F11099,Thailand,12.409766,102.312466
F11100,Thailand,12.683253,101.836305
F11101,Thailand,11.845551,102.828256
F11102,Thailand,11.896393,102.802944
F11103,Thailand,12.222117,102.531837
F11104,Thailand,12.211579,102.531358
F11105,Thailand,12.111599,102.559298
F11106,Guatemala,15.51058333,-89.16508333
F11107,Chile,-39.96868889,-72.68656111
F11108A,Thailand,9.3725,99.23416667
F11108B,Thailand,9.374722222,99.23888889
F11108C,Thailand,9.377222222,99.24055556
F11110B,Thailand,9.252313889,99.61730278
F11110C,Thailand,7.907883333,100.3163833
F11110D,Thailand,7.915483333,100.3162083
F11110E,Thailand,7.920086111,100.3213556
F11111,China,21.78048889,111.3193833
F11112,India,21.83485556,87.69294167
F11113,Chile,-53.10972222,-73.59694444
F11114,China,22.061625,113.1841528
F11115,China,20.495,110.3816667
F11117A,Thailand,11.43274722,99.60356944
F11117B,Thailand,11.75308611,99.78555
F11118A,Thailand,7.393333333,99.62027778
F11118C,Thailand,7.371061111,99.64038056
F11119,China,21.81910278,112.5061778
F11120,Indonesia,-5.694322222,105.5584889
F11122,Brunei,4.742455556,114.5713472
F11123,Brunei,4.761877778,114.6183306
F11124,Brunei,4.722294444,114.5428583
F11127,Chile,-45.10446389,-73.49703611
F11128,China,20.54364167,110.4915028
F11129A,Thailand,8.723888889,98.235
F11129B,Thailand,8.961111111,98.4
F11129G,Thailand,8.915,98.40819444
F11129H,Thailand,8.178666667,98.37094444
F11129I,Thailand,9.167777778,98.36472222
F11129J,Thailand,9.156791,98.359338
F11129K,Thailand,8.356666667,98.44444444
F11129L,Thailand,8.89625,98.40294444
F11130,Turkey,37.49172778,27.12415833
F11132,Turkey,37.28065,27.43627222
F11133,Thailand,12.10731111,99.953325
F11134,Thailand,12.193236,99.89859
F11135,China,19.92020833,110.8212583
F11136,China,23.29438333,108.9282667
F11137,China,19.96728056,110.7934889
F11138,India,20.96388889,72.86222222
F11139,Chile,-45.06885833,-74.22228889
F11140,Chile,-45.04240278,-73.74758611
F11141A,India,7.352858333,99.43610556
F11141B,India,7.336030556,99.51465556
F11141C,India,7.633691667,99.31473056
F11141D,India,7.366363889,99.570375
F11142,China,21.758325,110.4294972
F11143,Vietnam,9.428713889,106.1256667
F11144,India,14.61099722,80.16513611
F11145,Chile,-42.33158889,-73.39424722
F11146,Vietnam,10.002095,106.636518
F11147A,India,16.76515,82.221676
F11147B,India,16.873113,82.078784
F11147C,India,16.873574,82.081351
F11147D,India,16.873609,82.076363
F11147E,India,16.901788,82.127422
F11148,United Kingdom,57.94428889,-5.206486111
F11149,United Kingdom,57.85855,-5.294066667
F11156,United States,42.25333333,-84.50166667
F11157,China,21.649405,111.7536981
F11158,India,16.55951667,81.3498
F11159,China,23.13063889,101.7420194
F11160,United Kingdom,58.2499,-6.840947222
F11161,United Kingdom,58.2267,-6.785733333
F11162,United Kingdom,58.23221111,-6.802669444
F11163,United Kingdom,58.2145,-6.87905
F11164,United Kingdom,58.19997778,-6.383052778
F11165,United Kingdom,58.19871111,-6.925036111
F11166,United Kingdom,58.19191389,-6.901363889
F11167,United Kingdom,58.04456944,-6.389961111
F11168,United Kingdom,57.419,-6.155983333
F11169,United Kingdom,57.83581667,-6.7375
F11170,United Kingdom,58.19502778,-6.387208333
F11171,United Kingdom,57.96828333,-6.721183333
F11172,United Kingdom,57.8184,-6.835230556
F11173,United Kingdom,57.82577778,-6.775630556
F11174,United Kingdom,57.42478056,-7.193875
F11175,United Kingdom,57.39429722,-7.236633333
F11176,United Kingdom,57.40743333,-7.231477778
F11177,United Kingdom,57.43786944,-7.237336111
F11178,United Kingdom,57.44526944,-7.207725
F11180,United Kingdom,57.48538056,-7.198641667
F11181,United Kingdom,57.55714167,-7.169516667
F11182,United Kingdom,57.5565,-7.195
F11184,United Kingdom,57.54774722,-5.736133333
F11185,United Kingdom,57.54033611,-5.697402778
F11186,United Kingdom,57.58440278,-5.728022222
F11187,United Kingdom,55.51762778,-5.098669444
F11188,United Kingdom,55.71651389,-5.713813889
F11189,United Kingdom,55.70488333,-5.7124
F11190,United Kingdom,56.50013333,-6.286833333
F11191,United Kingdom,56.49313333,-6.19405
F11192,United Kingdom,56.45045833,-6.139183333
F11193,United Kingdom,56.46111667,-6.165836111
F11194,United Kingdom,55.87971944,-5.049286111
F11195,United Kingdom,57.37214722,-5.526766667
F11196,United Kingdom,55.93618889,-5.078619444
F11197,United Kingdom,55.86394444,-5.317544444
F11198,United Kingdom,55.873825,-5.327405556
F11199,United Kingdom,56.13215,-5.220983333
F11200,United Kingdom,56.08086944,-5.286455556
F11201,United Kingdom,56.15215,-5.1673
F11202,United Kingdom,55.91451111,-5.417769444
F11203,United Kingdom,55.93061111,-5.347155556
F11204,United Kingdom,55.83533611,-5.353322222
F11205,United Kingdom,55.97628889,-5.352211111
F11206,United Kingdom,55.96145278,-5.436447222
F11207,China,31.57858333,117.55945
F11210,Vietnam,9.642491667,105.9555556
F11212,Indonesia,-6.337897222,108.3683611
F11213,India,16.86001389,81.70838611
F11215,Chile,-44.25267222,-73.15051944
F11219,India,15.33949722,80.07821389
F11221,United States,41.55073611,-72.968575
F11223,Indonesia,-6.92,112.18
F11224,Peru,-10.82666389,-76.52581667
F11227A,India,16.75736,82.163391
F11227B,India,16.79052778,82.18316667
F11228A,Colombia,2.617030556,-75.38926389
F11228B,Colombia,2.550147222,-75.45863333
F11230A,India,16.49735278,81.15170833
F11230B,India,16.6219,81.63566667
F11231,India,21.478416,87.038403
F11232D,India,16.85835556,82.23823333
F11234,United States,44.45483611,-91.09436389
F11236A,India,16.4928,82.014825
F11236B,India,16.48583333,82.01386944
F11236C,India,16.52159722,81.9872
F11236D,India,16.65874722,82.17698333
F11236E,India,16.42159167,81.94491111
F11236F,India,16.45396111,81.8551
F11236G,India,16.64876389,82.24090278
F11236H,India,16.85849722,82.09026111
F11237A,Thailand,10.24472222,99.12388889
F11237B,Thailand,10.34152778,99.13861111
F11237C,Thailand,10.32677778,99.12683333
F11239,United Kingdom,50.5926,-3.251433333
F11240,Chile,-41.70046944,-72.63669167
F11242,Vietnam,8.900322222,104.9207806
F11243,China,22.89444444,115.1641667
F11244A,Thailand,7.966666667,100.3144444
F11244B,Thailand,8.1020813,100.2719071
F11244C,Thailand,7.699627778,100.3845444
F11250A,India,15.19494444,80.069125
F11250B,India,15.21434722,80.04491111
F11251,China,19.82805556,110.9027778
F11252,India,16.59484444,81.84738056
F11253,India,14.64623333,80.1532
F11254A,India,15.80158333,80.83822222
F11254B,India,15.805818,80.841514
F11254C,India,15.84601,80.860579
F11254D,India,15.86173,80.86263
F11254E,India,15.83996389,80.85408333
F11255,India,14.27,80.1
F11260,India,21.9219,87.72138
F11261,India,21.870886,87.836538
F11263,India,16.49898611,81.00409167
F11264,India,16.54,81.35
F11265,Vietnam,10.65495278,105.3463556
F11267,United States,33.53830278,-90.39624444
F11268,China,19.93538056,109.500225
F11270,Indonesia,-7.869755556,110.9043639
F11271,Indonesia,-7.277888889,110.8263056
F11273A,India,16.88983611,82.20863611
F11273B,India,16.87965,82.07874444
F11273C,India,16.89440278,82.19944722
F11273D,India,16.82824167,82.17586389
F11273E,India,16.77584167,82.16116944
F11274,China,21.47,111.13
F11275,India,14.39,80.11
F11276,Vietnam,9.27,105.44
F11278,India,15.327123,80.068909
F11305,Philippines,18.26091389,121.9112361
F11308,Colombia,2.695011111,-75.42743333
F11315,Thailand,9.197666667,99.50180556
F11316,Thailand,9.189416667,99.49236111
F11317,Thailand,9.192583333,99.42930556
F11319,Thailand,7.436222222,99.60636111
F11320,Thailand,6.863472222,101.3935556
F11321,Thailand,9.533166667,98.54075
F11322,Thailand,9.615,98.53813889
F11323,Thailand,12.492,102.1322222
F11324,Thailand,12.77805556,101.6830556
F11325,Thailand,9.222361111,99.51555556
F11326,Thailand,9.195833333,99.43719444
F11327,Thailand,12.43111111,102.1371111
F11328,Thailand,12.42444444,102.1252778
F11329,Thailand,10.83761111,99.43055556
F11330,Thailand,10.25211111,99.13855556
F11331,Thailand,7.229666667,99.65283333
F11332,Thailand,6.861222222,101.3945833
F11333A,India,11.200686,79.844069
F11333B,India,11.203317,79.844884
F11333C,India,11.206769,79.847116
F11334,Thailand,8.879444444,98.31277778
F11336,Indonesia,-6.813861111,112.0007972
F11337A,Thailand,13.55527778,101.0189167
F11337C,Thailand,13.69972222,101.2269444
F11337D,Thailand,13.70638889,101.2016667
F11337E,Thailand,13.78083333,101.1902778
F11337F,Thailand,13.665,101.1352778
F11338,Thailand,12.4411139,102.19575
F11339,Thailand,12.558564,102.083928
F11340,Thailand,12.477107,102.140789
F11341,China,19.96620833,110.7891306
F11349,Vietnam,,
F11350,Indonesia,-8.7562,116.5384
F11351,Indonesia,-6.894325,112.859725
F11352,Vietnam,8.965769444,105.1857306
F11353,Vietnam,8.965602778,105.1913528
F11354,Vietnam,8.965986111,105.1824972
F11355,Vietnam,8.971888889,105.199475
F11356,Vietnam,8.965833333,105.1946889
F11357,Vietnam,8.972783333,105.1847556
F11358,Vietnam,8.973952778,105.1921
F11359,Vietnam,8.970038889,105.1799278
F11360,Vietnam,8.96155,105.2059389
F11361,Vietnam,8.962466667,105.1892278
F11362,Vietnam,8.9597,105.1901861
F11363,Vietnam,8.959711111,105.1901861
F11364,Vietnam,8.967533333,105.1883194
F11365,Vietnam,8.969497222,105.190425
F11366,Vietnam,8.96895,105.1886111
F11367,Vietnam,8.961155556,105.1947167
F11368,Vietnam,8.969222222,105.1933
F11369,Vietnam,8.968591667,105.1923778
F11370,Vietnam,8.940638889,105.2075028
F11371,Vietnam,8.934411111,105.2068333
F11372,Vietnam,8.937938889,105.2098583
F11373,Vietnam,8.935905556,105.2122222
F11374,Vietnam,8.936880556,105.2109306
F11375,Vietnam,8.917180556,105.2125222
F11376,Vietnam,8.932230556,105.2128583
F11377,Vietnam,8.929736111,105.2126722
F11378,Vietnam,8.932808333,105.2126722
F11379,Vietnam,8.931508333,105.2086694
F11380,Vietnam,8.931580556,105.2076417
F11381,Vietnam,8.931886111,105.2051306
F11382,Vietnam,8.935247222,105.1919111
F11383,Vietnam,8.933991667,105.1880639
F11384,Vietnam,8.934111111,105.2084833
F11385,Vietnam,8.935822222,105.1900389
F11386,Vietnam,8.936225,105.1879139
F11387,Vietnam,8.927458333,105.2029806
F11388,Vietnam,8.928227778,105.1997
F11389,Vietnam,8.938619444,105.2111278
F11390A,Thailand,12.096275,99.86433333
F11390C,Thailand,11.423825,99.60053611
F11391,Bangladesh,22.47503333,89.50861389
F11392,Turkey,37.47058056,27.16446389
F11393,India,15.78369,80.83965
F11403A,Thailand,8.007222222,99.00361111
F11403B,Thailand,7.930583333,99.13983333
F11403C,Thailand,8.074077778,98.97618333
F11403D,Thailand,7.95,99.12
F11403E,Thailand,7.987777778,99.07277778
F11403G,Thailand,7.986536111,99.07459722
F11404,China,21.8006049,111.5372698
F11408,India,15.40608333,80.10466667
F11409,United States,40.82913333,-124.108825
F11412A,India,22.02355833,88.02554167
F11412B,India,22.02009167,88.02897222
F11412C,India,22.11496667,87.92330833
F11412D,India,22.114625,87.923275
F11415A,Thailand,13.22185833,99.92574444
F11415B,Thailand,13.09,100.06
F11417,Thailand,9.852222222,99.14555556
F11418,Thailand,10.39470278,99.17509444
F11419,Thailand,9.262805556,99.65611111
F11420,Thailand,10.08138889,99.10527778
F11421,Thailand,12.35505,99.90928611
F11422,Thailand,12.2943302,99.89355369
F11423,Thailand,12.28049256,99.89347858
F11424,Thailand,10.38531944,99.2375
F11425,Thailand,12.25346389,99.892175
F11426,Thailand,9.197611111,99.50177778
F11428,Thailand,10.544125,99.25621667
F11429,Thailand,12.33773333,99.93415278
F11430,Thailand,9.191444444,99.39961111
F11431,Thailand,10.26638889,99.18472222
F11432,Thailand,,
F11433,Thailand,,
F11434,Thailand,12.25638889,99.89972222
F11435,India,16.724942,82.056998
F11436,India,16.727111,82.05964
F11437,India,16.652172,81.990276
F11438,India,16.656735,81.990799
F11439,India,16.77893,82.07155
F11440,India,16.78559,82.088929
F11441,India,16.786434,82.082483
F11442,India,16.768212,82.092585
F11443,India,16.462313,81.045718
F11444,India,16.475951,80.950339
F11445,India,16.0766186,81.105848
F11446,India,16.542297,81.01141
F11447,India,16.543776,81.025551
F11448,India,16.528395,81.009747
F11449,India,15.385967,80.105286
F11450,India,15.209088,80.032072
F11451,India,15.369659,80.091434
F11452,India,15.342667,80.08975
F11453,India,16.602486,81.781028
F11454,India,16.643513,81.578871
F11455,India,16.668899,81.711208
F11456,India,16.433181,81.587878
F11457,India,16.528023,81.762275
F11458,India,16.879639,81.636556
F11459,India,16.597518,81.450835
F11460,India,16.605032,81.62234
F11461,India,16.664094,81.704922
F11462,India,15.726798,80.276339
F11468A,Thailand,12.33423611,102.491425
F11468C,Thailand,12.2709,102.5327056
F11468D,Thailand,11.83568056,102.8363639
F11468G,Thailand,12.08979444,102.7039889
F11468H,Thailand,12.14388333,102.6358028
F11468I,Thailand,12.296139,102.526861
F11469A,India,,
F11469B,India,,
F11469C,India,10.53,79.79
F11470C,India,14.397502,80.1615617
F11470D,India,14.17542,80.022943
F11470F,India,14.555243,80.180695
F11470G,India,14.28171389,80.01398611
F11470H,India,14.303444,80.035413
F11494,India,16.44,81.11
H10005,Honduras,13.25130376,-87.65744362
H10017,Ecuador ,-2.254008333,-80.94088333
H10021,China,21.118461,110.5790611
H10022,Vietnam,11.51294057,109.0097169
H10023,Nicaragua,12.72268201,-87.43256786
H10024,Indonesia,-5.690942303,105.5295613
H10025,Thailand,8.247867737,98.28792415
H10027,China,20.94082748,110.5199294
H10036,Thailand,8.809,98.25666
H10049,India,17.14088676,82.40439734
H10050,India,20.704543,70.869237
H10051,India,15.393862,80.139265
H10057,India,17.15223417,82.41618142
H10063,Thailand,8.125777,98.306934
H10068,Thailand,10.66941073,99.31533895
H10071,Vietnam,11.26063056,108.7464111
H10073,India,14.052975,80.14157222
H10074,India,14.75255009,80.10723016
H10075,Vietnam,17.29915551,106.8000217
H10077,Thailand,8.246875497,98.28833174
H10081,Vietnam,11.50504722,109.0101
H10086,Saudi Arabia,20.23708056,40.06033611
H10087,Canada,48.53873611,-58.53156389
H10088,Canada,50.264881,-125.826765
H10089,Canada,50.26977222,-57.49547222
H10090,Canada,47.88653478,-55.83889761
H10091,Canada,47.59298678,-55.79646249
H10092,Canada,44.66745278,-66.80181111
H10093,Canada,45.11203056,-66.71774167
H10094,Canada,45.21393889,-66.90021667
H10095,Canada,45.25575,-67.00049167
H10096,Canada,45.21357778,-67.19821944
H10097,Canada,45.44508056,-66.64646667
H10098,Canada,45.66120833,-67.13590556
H10099,Canada,45.7779803,-65.32516279
H10100,United States,45.05703333,-69.8867
H10101,United States,44.75607371,-67.36520269
H10102,United States,44.96871404,-70.77499309
H10104,Vietnam,12.57574708,109.2170568
H10105,Canada,50.236389,-125.763611
H10106,Canada,48.77087612,-123.6859377
H10107,Canada,52.348472,-127.69248
H10109,Canada,50.00974722,-123.9018333
H10110,Vietnam,9.328914528,106.0628166
H10111,Chile,-40.97283056,-72.58838056
H10111A,Chile,-40.64962433,-73.15808215
H10111B,Chile,-41.42988611,-72.81931944
H10113,Vietnam,14.25833333,109.185
H10114,Vietnam,11.51663889,109.0111667
H10115,Canada,49.68476389,-126.1231694
H10116,India,17.1530533,82.4153509
H10120,India,17.810554,83.4070778
H10121,Vietnam,10.1592558,106.5990116
H10122,China,19.55073867,110.3545521
H10123,India,17.25958889,82.55502222
H10124,Vietnam,10.30626111,105.7796778
H10126,China,25.62188815,119.5303599
H10129,India,17.259156,82.554519
H10131,Nicaragua,12.16733889,-86.75906111
H10132,Chile,-41.32424722,-73.03163889
H10133,Chile,-42.16832222,-73.48474444
H10134,Chile,-41.67149444,-73.06075
H10138,Canada,44.32786,-65.93417
H10139,United States,44.55848056,-68.25196389
H10140,Australia,-41.70261421,147.1021275
H10141,China,22.88623576,113.4144191
H10142,India,17.262078,82.557477
H10144,India,16.57957,81.541204
H10145,China,21.5008909,110.8575843
H10146,Thailand,13.45181414,100.1141516
H10148,India,14.05830278,80.14045833
H10149,Vietnam,9.209772173,105.7304057
H10150,China,21.69922149,110.8033904
H10151,India,15.816722,80.443777
H10153,Peru,-13.166969,-75.064992
H10153,Peru,-13.166969,-75.064992
H10154,Saudi Arabia,20.27179444,39.92339722
H10156,Honduras,15.04641667,-87.95286111
H10159,India,20.69458154,70.8261324
H10160A,Chile,-38.85908047,-71.8794759
H10160C,Chile,-39.07503056,-72.46953056
H10160D,Chile,-41.25430833,-72.79445
H10161,Thailand,7.776583333,98.32832222
H10162,Chile,-41.8006,-73.397575
H10163,China,23.22666667,101.755
H10164,Guatemala,15.96009167,-89.27148611
H10165,Chile,-41.8006,-73.397575
H10166,Chile,-39.25947617,-72.25553427
H10168,Mexico,17.5081495,-93.49800739
H10169,China,19.34629324,110.453008
H10172,Thailand,9.069413,99.908386
H10173,Vietnam,9.074835892,105.465049
H10174,China,21.62361111,110.6930556
H10176,India,17.25835516,82.55321188
H10178,Chile,-41.747525,-72.57043611
H10179,Chile,-40.30026944,-73.59131944
H10180,Colombia,2.627165256,-75.43537953
H10181,Colombia,2.689208333,-75.43240833
H10183,Colombia,2.318283333,-75.61437222
H10185,Chile,-41.92483333,-72.43842222
H10186,Chile,-41.351925,-72.27250278
H10190,India,12.691404,80.222061
H10191,Chile,-39.377141,-71.687186
H10192,Canada,49.32381667,-124.99075
H10193,Canada,48.75988333,-123.6808667
H10194,Canada,50.33783333,-125.5232667
H10195,Mexico,28.877224,-112.031047
H10199,China,21.87277778,110.8166667
H10200,United States,33.20884722,-90.65488643
H10201,Indonesia,-8.11075,114.4060833
H10202,Indonesia,-7.684444444,113.8716667
H10203,United States,46.82731667,-122.9973861
H10204,Chile,-38.93197778,-71.90418889
H10205,Chile,-38.84081236,-71.72993975
H10206,Chile,-38.96188333,-72.03304167
H10207,Thailand,7.836366667,100.3540361
H10209,Chile,-40.96968611,-72.61499444
H10210,Chile,-41.13487778,-72.59558333
H10211,Chile,-41.35924444,-72.70850556
H10212,Chile,-41.612075,-72.65528056
H10213,Chile,-41.44523889,-72.33279167
H10214,Vietnam,8.798821324,105.1855464
H10215,Thailand,12.62625,100.9630278
H10216,Chile,-41.92496111,-72.43354722
H10217,Chile,-41.35866667,-72.273125
H10218,Chile,-37.28515556,-72.17892222
H10219,Australia,-37.91544444,144.6640278
H10220,India,17.260966,82.555872
H10221,India,14.44286179,79.98600494
H10224,Chile,-41.23558056,-72.47821667
H10226,New Zealand,-43.872819,172.283834
H10227,New Zealand,-40.846236,172.76967
H10228,New Zealand,-43.872811,172.283829
H10229,India,17.831278,83.415096
H10230,Indonesia,-5.7058644,105.5642467
H10231,Indonesia,-7.731208333,113.6514417
H10232,Malaysia,5.286097222,100.4357278
H10233,China,22.84242565,112.9499541
H10234,Ecuador,-2.312075,-80.89532222
H10235,Ecuador,-1.767308838,-80.76621786
H10239,Chile,-39.32230278,-72.07043611
H10240,Panama,9.577428151,-79.33349301
H10241,Vietnam,11.51871944,109.0118417
H10243,Costa Rica,10.40491389,-85.11257778
H10245,India,14.68347796,80.14516175
H10246,India,15.36521526,80.118501
H10247,India,15.821806,80.462546
H10251,Chile,-41.96736111,-72.47388056
H10252,Mexico,31.902753,-116.70336
H10253,Saudi Arabia,26.31914167,43.71232222
H10254,India,17.149742,82.410022
H10255,Ecuador,-2.148375,-80.78320833
H10256A,Thailand,12.190169,102.291339
H10256B,Thailand,12.19039,102.2947
H10256C,Thailand,12.190169,102.291339
H10257,Saudi Arabia,16.63,42.73
H10258,Honduras,13.1928,-87.44072778
H10259,Chile,-39.86777778,-73.34361111
H10260,Honduras,13.192525,-87.43224444
H10261,Chile,-41.2872,-72.47061111
H10262,Honduras,13.44,-87.31
H10263,Honduras,13.16634722,-87.4278
H10264,Honduras,13.42037778,-87.39580278
H10265,Colombia,3.067719444,-75.24533611
H10266,Colombia,3.050711111,-75.25300833
H10267,Colombia,2.538936111,-75.45095556
H10268,Colombia,2.801411111,-75.29689167
H10270,Chile,-39.31289444,-72.06643889
H10271,Chile,-39.04170556,-72.21303889
H10272,Chile,-41.93173889,-72.47634722
H10274,Indonesia,-5.67155,104.9041778
H10275,Thailand,6.854002778,99.73161944
H10277,China,19.818973,110.777298
H10278,Chile,-38.87834167,-71.81309167
H10279,Chile,-39.3159,-72.09683333
H10280,Chile,-39.38761667,-72.19098333
H10281,Chile,-39.38363333,-72.10789722
H10282,Chile,-39.23972778,-71.84281667
H10283,Thailand,13.59697444,101.0477956
H10284,Chile,-38.57431111,-71.79386389
H10285,Chile,-38.54,-71.83
H10286,Vietnam,10.44068056,107.3069778
H10287,Costa Rica,9.842872222,-85.35433056
H10288,Vietnam,10.30828611,105.4725389
H10289,USA,46.67289444,-123.9257389
H10290,Chile,-40.46973611,-72.90468333
H10291,Chile,-38.58020278,-72.10073056
H10292,Vietnam,10.29444444,104.5458167
H10293,Peru,-3.906744444,-80.87989722
H10297,Chile,-40.75816111,-72.96971111
H10298,Chile,-40.76543611,-72.93013889
H10300,Chile,-38.72592778,-72.05021389
H10301,Chile,-42.30233333,-73.54088056
H10302,Brunei,4.791683333,114.6484361
H10303,Chile,-41.50944444,-73.02777778
H10304,Chile,-41.77946667,-73.52386111
H10305,India,12.114685,79.914871
H10306,Chile,-39.22463333,-71.75692778
H10307,India,12.23200556,79.986275
H10308,China,19.98,110.95
H10309,Chile,-44.42111111,-72.59138889
H10310,Turkey,37.28864722,27.4378
H10311,Chile,-42.16740278,-72.37758056
H10312,Chile,-39.70713889,-72.20652778
H10313,China,31.59,117.53
H10314,Thailand,13.21505,100.9511444
H10315,Chile,-39.37975,-71.68702778
H10316,Chile,-40.113504,-72.342729
H10317,Chile,-40.87722222,-72.45694444
H10318,Chile,-40.86254444,-72.467425
H10328,Chile,-37.28222778,-72.14174722
H10330,China,23.32,113.15
H10334,India,15.14464167,80.05969444
H10338,India,,
H10343,Chile,-37.38293333,-72.08646944
H10344,Indonesia,3.598883333,99.07663611
H10345,Canada,49.92155278,-124.0210861
H10347,United States,33.5283,-90.3954
H10351,Turkey,38.93588056,26.82528889
H10355,Colombia,,
H10356,Colombia,,
H10360,Brazil,-19.60401111,-51.04329722
H10361,India,14.47034722,80.17503056
H10364,Ecuador,,
H10368,China,,
M10004,Thailand,13.50611389,100.1329611
M10005,Vietnam,10.91417555,106.8649634
M10007,China,21.35687046,110.5405982
M10010,Canada,45.15641667,-67.13661667
M10011,Chile,-41.779575,-73.42562222
M10012,Chile,-42.42160278,-73.7484
M10013,Chile,-41.78262222,-73.43199444
M10014,Chile,-36.95546,-73.16105
M10016,Chile,-42.37293056,-73.76219167
M10017,Canada,49.20861111,-123.0777778
M10020,Chile,-40.58961667,-73.09911667
M10021,Chile,-41.45847222,-72.96750278
M10022,Chile,-41.78261944,-73.44716667
M10023,Chile,-41.78232762,-73.43914357
M10024,Thailand,6.904166667,100.4686111
M10025,Thailand,13.25931563,101.1970107
M10026,Thailand,13.55378127,100.5743839
M10028,Canada,49.143612,-122.857951
M10029,Vietnam,10.62548289,106.4768533
M10030,Canada,45.34711908,-63.29416194
M10031,China,22.85945668,113.1663899
M10032,Vietnam,10.95496549,107.0253333
M10033,Vietnam,10.29866138,106.4091436
M10036,Thailand,7.302574512,100.495356
M10039,Saudi Arabia,20.31458056,40.05269722
M10040,India,17.00661024,81.72898493
M10041,China,22.04986008,110.3978
M10042,China,19.94541667,110.0989806
M10043,Honduras,15.40231389,-88.01136667
M10044,Nicaragua,12.109109,-86.093416
M10045,Peru,-8.135583333,-79.01333333
M10048,Ecuador ,-2.126987986,-79.60400419
M10050,Vietnam,10.32333333,105.7511111
M10051,China,23.44369724,101.676536
M10052,Malaysia,2.93834,101.30937
M10053,Ecuador ,-2.214527778,-79.8245
M10054,Ecuador ,-2.1965,-79.83583333
M10055,Guatemala,14.12706667,-90.77876667
M10058,China,21.27479797,110.3131093
M10059,Vietnam,10.5445,105.5261667
M10060,Thailand,12.99776172,99.90968428
M10061,Indonesia,-5.381786111,105.3824611
M10062,Ecuador ,-2.200094444,-79.81306667
M10063,India,13.28166667,80.15305556
M10064,China,24.76222323,117.7819674
M10065,Thailand,13.45780243,100.0873598
M10066,Honduras,15.044051,-87.948489
M10067,India,16.41565146,81.45694993
M10069,China,20.01670395,110.3500701
M10071,Thailand,13.45226804,100.1147873
M10072,Vietnam,10.045161,105.74685
M10073,Vietnam,10.045034,105.784855
M10074,Canada,45.11740278,-66.82786667
M10075,India,13.21388333,80.16698333
M10077,China,22.5848973,108.2286165
M10078,India,20.50943333,72.97956389
M10079,United States,40.572932,-112.2899016
M10081,Mexico,19.661665,-99.183205
M10083,Thailand,13.34455278,99.87292222
M10085,India,14.35341,80.13805
M10086,China,19.93892798,110.1014404
M10087,Peru,-11.0363242,-77.605346
M10088,India,16.408443,81.148506
M10089,Vietnam,10.20038889,105.9478611
M10090,Mexico,27.922787,-110.920259
M10092,Vietnam,10.799,106.5046944
M10095,USA,32.513261,-87.853758
M10098,Vietnam,11.03371667,106.9239056
M10100,India,16.60748868,80.96715018
M10103,Guatemala,14.66861389,-90.84914444
M10104,India,18.11993611,83.57994444
M10105,Ecuador,-2.192158333,-79.82998889
M10106,Ecuador,-2.193041667,-80.04886944
M10107,Thailand,13.80136667,100.202
M10108,Thailand,13.29031667,99.80120556
M10109,Mexico,20.513008,-103.24684
M10111,India,19.86188889,85.31819444
M10112,India,14.69985833,79.97984167
M10113,Indonesia,-5.416695,105.343607
M10114,Vietnam,10.89527778,106.7341667
M10115,India,14.49212778,79.98267778
M10116,Costa Rica,10.415329,-85.154842
M10117,Colombia,2.828189,-75.295454
M10118,Indonesia,-7.099533333,112.5918778
M10119,India,17.06,82.13
M10120,Saudi Arabia,26.31775556,43.70956111
M10123,Thailand,7.78,100.35
M10125,Indonesia,3.526027778,98.75638889
M10126,India,17.08,81.97
M10127,Chile,-37.54916389,-72.20443056
M10128,Colombia,3.931013889,-76.28416667
M10129,China,,
M10130,USA,30.85,-90.15
M10132,India,17.063084,81.553517
M10133,Ecuador,-2.537719444,-79.54936389
M10134,Vietnam,10.5792,106.5058917
M10136,China,22.509225,113.1531167
M10137,Vietnam,10.62412778,106.4888139
M10138,Australia,-42.832325,147.4506917
M10139,Indonesia,-7.567861111,112.3268056
M10141,Australia,-27.19714167,153.0068
M10142,Vietnam,10.48697222,106.3544167
M10143,Mexico,20.7376,-103.3766194
M10144,Vietnam,10.97151111,106.7378167
M10145,Indonesia,-7.246327778,112.7119194
M10147,United Kingdom,55.93206111,-3.687836111
M10148,Malaysia,2.892880556,101.8616639
M10149,Thailand,13.32568333,99.80383056
M10150,United Kingdom,56.02543333,-3.707286111
M10151,India,16.66234722,80.98958889
M10153,Chile,-6.77,-79.84
M10155,Egypt,30.35383889,31.63663056
M10156,Turkey,37.237425,27.65527778
M10158,Indonesia,-7.568294444,112.7217222
M10161,Mexico,27.40576389,-109.8280694
M10167,Brazil,-20.08455,-51.06351944
M10167,Brazil,-20.08491389,-51.06381667
M10169,India,15.28139722,80.0279
P10001,Honduras,13.32546389,-87.19323056
P10010,India,16.747705,81.720611
P10011,India,15.270521,80.026609
P10014,Thailand,13.53712287,100.2572076
P10015,India,14.465337,80.055761
P10016,Indonesia,-8.216938813,112.748126
P10017,Thailand,12.74605,101.8861833
P10018,Thailand,12.74544013,101.886886
P10025,Bangladesh,22.358043,91.772513
P10028,Thailand,13.541501,100.236836
P10030,Thailand,7.261918611,100.4949647
P10031,Thailand,9.952777778,98.60305556
P10032,Thailand,13.56046944,100.3015639
P10037,India,16.59446082,81.53412781
P10038,Thailand,13.468812,99.79852
P10043,China,21.23525135,110.4015847
P10045,Thailand,13.52196752,100.1741984
P10053,Indonesia,-7.69339,114.09054
P10054 ,Ecuador ,-2.72225,-80.24514444
P10055,Thailand,13.57124111,100.2994981
P10056,India,16.71905903,81.82866107
P10057,Ecuador ,-2.1865,-79.85805556
P10059,Thailand,13.51895803,100.9764042
P10060,Vietnam,9.91713181,105.7354341
P10061,Vietnam,9.596421155,105.9575884
P10065,China,39.13601725,121.7204587
P10066,Indonesia,-7.257155556,112.6879222
P10067,Thailand,13.56329222,100.300845
P10069,Guatemala,14.30713333,-91.90121389
P10071,Indonesia,-7.591111111,112.7191667
P10072,India,16.33694062,80.91148539
P10074,China,26.10072262,119.2951513
P10076,China,21.23179118,110.4049697
P10077,China,21.23678333,110.3998111
P10078,Indonesia,-7.158252778,112.630375
P10080,China,22.61656805,114.1179837
P10081,China,23.31884746,113.1444009
P10082,Indonesia,-4.57528,105.8208
P10085,Vietnam,9.157703179,105.1542773
P10086,Thailand,13.22995556,99.97365556
P10089,India,17.019099,82.229833
P10090,China,19.9744862,110.473452
P10091,Thailand,13.534831,100.645721
P10092,Thailand,10.42865149,99.23629414
P10095,Vietnam,9.1921618,105.314974
P10096,China,22.97888889,112.6333333
P10100,United States,32.44903889,-87.50198333
P10101,India,17.01893683,82.23321877
P10102,Vietnam,12.27902908,109.1954167
P10103,Bangladesh,22.78281311,89.602829
P10107,Thailand,13.57408665,100.3052728
P10109,China,19.97333333,110.4719444
P10111,China,21.28878855,110.3225561
P10114,China,21.28528366,110.2947526
P10116,China,19.94578208,110.0886889
P10117,Vietnam,9.168134112,105.1523433
P10123,Thailand,13.57048961,100.2990069
P10127,China,22.79468666,115.3408353
P10128,China,21.20792683,110.3435688
P10129,China,21.29833911,110.3108243
P10131,India,16.709578,81.825186
P10132,Colombia,2.827511405,-75.29310722
P10134,Indonesia,-7.35914,112.76491
P10141,China,23.02777778,112.5727778
P10145,China,22.66456725,113.2740006
P10148,United States,32.8175,-87.885
P10149,Ecuador ,-2.24205,-79.63682778
P10153,United States,33.18045,-90.42542
P10156,China,23.40189253,116.7180367
P10159,Thailand,13.60406961,100.3395458
P10162,Vietnam,9.621522426,105.960289
P10163,India,15.25002117,80.0297802
P10168,India,16.51068866,81.52401041
P10171,Vietnam,9.551448116,106.0042803
P10173,United States,33.53893333,-90.3964
P10180,China,22.75113006,112.2261683
P10181,China,19.67209906,110.3537556
P10186,China,21.64472001,110.5841741
P10191,China,21.26478495,110.2876766
P10193,Nicaragua,12.76887738,-87.07620957
P10196,Vietnam,16.11825873,108.2737722
P10199,Thailand,13.54658235,100.260332
P10202,United States,33.25566667,-90.59048333
P10203,Indonesia,-6.187111111,106.322
P10204,India,14.46552021,80.05563519
P10209,China,19.95192591,110.0827512
P10212,India,17.686818,83.218483
P10214,India,9.914341972,76.28474554
P10216,India,16.53413263,81.44418787
P10217,India,20.7915325,72.85425825
P10218,India,16.59450195,81.53412244
P10220,China,21.53023522,109.9968179
P10221,Thailand,13.55270176,100.593433
P10227,India,17.834869,83.358179
P10230,Chile,-42.15082439,-73.48881397
P10232,Vietnam,9.170893259,105.2065374
P10233,China,19.94581637,110.0889413
P10241,Vietnam,10.31642238,105.4913451
P10243,Vietnam,11.568564,108.995167
P10247,Chile,-41.46786389,-72.97498056
P10248,Indonesia,-6.752458333,108.5914722
P10249,Vietnam,10.12022136,105.693632
P10260,Indonesia,-5.430118487,105.3257938
P10262,Canada,45.11774227,-66.82805257
P10263,India,17.887505,83.386804
P10268,Vietnam,9.948361111,106.3469083
P10269,Chile,-36.62322778,-72.93919167
P10270,Mexico,27.965977,-110.93904
P10271,China,19.55895507,110.7647451
P10274,Canada,49.15375346,-125.9020971
P10275,China,21.60457779,109.2175774
P10277,Vietnam,10.34527778,106.3313889
P10279,Costa Rica,10.42348889,-85.11812222
P10281,Vietnam,9.431188343,106.1325083
P10283,Chile,-43.13856667,-73.64355
P10285,Chile,-41.87083333,-73.77408611
P10290,Vietnam,10.10680556,105.7057778
P10291,India,16.8809313,82.18481713
P10293,China,23.44694444,101.6744444
P10295,India,20.00905556,85.49588889
P10297,Norway,62.8455871,6.776119138
P10298,Chile,-36.7330434,-73.1078112
P10299,Canada,47.86254547,-55.83616176
P10301,Honduras,15.04395143,-87.95021253
P10302,India,12.80734144,80.24725478
P10303,Colombia,2.794752778,-75.30275833
P10306,Indonesia,-7.578032736,112.7340607
P10310,Vietnam,10.64759722,106.7373667
P10314,Chile,-43.11628333,-73.58653056
P10316,India,9.834792691,76.31096016
P10318,Vietnam,9.296444444,105.693525
P10320,China,22.59066389,112.9248639
P10323,Vietnam,10.34288363,106.3178893
P10327,Vietnam,9.645111111,105.9591944
P10328,Chile,-41.45916667,-72.97916667
P10329,Chile,-41.78249544,-73.13459147
P10331,New Zealand,-41.29265556,173.2439056
P10333,China,21.46830973,109.7970416
P10337,Indonesia,-7.4396,112.72164
P10338,Chile,-41.78069444,-73.13383333
P10341,Chile,-41.51748611,-73.04160833
P10342,Mexico,17.51980556,-93.49083333
P10343,China,21.2709983,110.1759037
P10345,Chile,-43.11639,-73.57178
P10347,Chile,-53.30192778,-70.36443333
P10348,China,21.43410291,110.8408074
P10352,India,15.648355,80.019717
P10353,India,16.51099314,81.52342601
P10354,India,8.817508333,78.14820278
P10355,Vietnam,10.26479595,105.863378
P10357,China,19.94526667,110.1032556
P10360,Canada,50.721292,-127.468388
P10362,Indonesia,-5.40275,105.36188
P10366,India,14.1463268,79.8503807
P10367,Bangladesh,21.42023956,92.02853065
P10368,Vietnam,10.5031696,105.5651276
P10372,India,16.57973131,81.54112301
P10374,India,18.936188,72.837586
P10375,Chile,-41.51368855,-73.02956657
P10376,Indonesia,-8.18153451,114.3822297
P10379,India,16.52500833,81.51054167
P10383,United States,33.53008902,-90.29746728
P10384,Chile,-43.11842753,-73.58274536
P10387,Vietnam,10.29643405,104.5549004
P10390,India,9.881896043,76.26273399
P10391,Colombia,5.934572,-75.346473
P10392,Vietnam,9.163182423,105.1538051
P10393,Canada,45.05635607,-66.79111876
P10396,Thailand,7.318368813,100.487266
P10397,India,14.35394243,80.13766809
P10400,China,21.34046453,110.2319464
P10401,India,8.851568015,78.12137883
P10402,Vietnam,13.84897215,109.0742191
P10403,China,19.98143056,110.4186306
P10404,Canada,47.95744135,-53.3310913
P10407,Canada,46.24878336,-63.70318809
P10412,China,22.56694444,113.3775
P10413,Vietnam,9.168258036,105.1530274
P10415,India,8.76,78.07
P10416,China,23.62947838,105.6191469
P10418,Chile,-41.48368689,-72.84392037
P10419,India,17.71247222,83.31578333
P10421,Bangladesh,22.441935,89.383826
P10422,Bangladesh,22.71529006,89.64686594
P10424,China,22.7837726,110.3198793
P10426,China,21.52480488,109.1957335
P10427,India,17.712955,83.314966
P10429,Vietnam,9.18645,105.2054056
P10430,Indonesia,-8.071027778,114.4218889
P10433,Chile,-42.167337,-73.483915
P10434,India,16.48266222,81.5194027
P10436,Vietnam,15.116908,108.768165
P10437,China,21.649026,110.5569919
P10439,Saudi Arabia,20.31056389,40.04281944
P10440,India,19.08039444,73.14153056
P10441,Indonesia,-6.752749884,108.591099
P10442,Indonesia,-5.108951764,119.5014241
P10443,Vietnam,12.15171944,109.0671833
P10446,China,21.77944505,111.5768592
P10447,Colombia,4.733055556,-75.57555556
P10449,Vietnam,9.640641469,105.9543818
P10450,India,16.996187,82.222189
P10451,Vietnam,9.157527778,105.1539694
P10455,India,15.314846,80.004027
P10457,Chile,-42.36969,-73.63419
P10458,Indonesia,-6.125554243,106.8171154
P10459,India,22.62751823,88.5253968
P10460,India,9.853167514,76.30846839
P10462,India,14.69918,79.970504
P10463,India,22.5166542,88.40454719
P10464,Colombia,5.138769,-73.690816
P10465,Colombia,2.438369444,-76.46736944
P10466,Colombia,2.583150683,-75.44476737
P10467,Vietnam,9.604808904,105.9603534
P10468,China,21.53473523,110.6052022
P10469,Guatemala,15.95878333,-89.26478333
P10470,Chile,-42.46761208,-73.76566161
P10471,India,9.905115177,76.29534702
P10472,Indonesia,-8.163867817,114.3892999
P10474,Canada,50.16206693,-125.3775211
P10476,India,20.78097038,72.968574
P10477,Chile,-42.63237376,-73.76156287
P10478,Vietnam,10.52472778,106.2340556
P10479,India,16.534076,81.444229
P10481,India,18.98923413,73.11762671
P10482,Peru,-5.101579304,-80.59422212
P10483,Vietnam,9.643658333,105.9571194
P10484,India,9.834831,76.310735
P10485,Indonesia,-7.693348,114.090969
P10488,Thailand,13.57886941,100.288321
P10489,Phillippines,10.33266037,123.9873759
P10491,China,21.7525,110.8247222
P10492,China,25.60444444,119.4452778
P10493,Indonesia,-5.10764,119.49952
P10495,India,14.43111111,80.14
P10497,Honduras,13.41719258,-87.449026
P10498,Chile,-42.5452902,-73.80295429
P10502,Mexico,26.872175,-109.635181
P10504,India,16.54347615,81.47542357
P10505,Indonesia,-7.1527975,112.6202999
P10508,Vietnam,9.64075,105.95025
P10509,India,16.33835215,80.91307304
P10510,Chile,-41.454758,-72.960049
P10511,India,19.07686104,73.14194094
P10512,Chile,-45.46217145,-72.82160954
P10513,India,15.86834066,80.4334887
P10514,Peru,-12.22889,-76.96778
P10515,Chile,-41.79370924,-73.18239369
P10516,Vietnam,11.60665,108.999354
P10517,Indonesia,-6.187753262,106.3218229
P10518,Ecuador,-2.118361488,-79.94043925
P10519,Canada,47.56048333,-55.92931667
P10520,Brazil,-23.5134787,-46.74365709
P10521,Mexico,29.27267234,-109.7578113
P10523,India,16.48222087,81.51925228
P10526,Chile,-42.61579549,-73.79004793
P10527,India,16.598696,81.550044
P10532,India,19.07917235,73.13761733
P10534,Vietnam,10.11754722,105.6927833
P10535,India,16.534416,81.443325
P10536,New Zealand,-44.35,171.25
P10537,India,9.92886002,76.26278232
P10539,India,14.546666,79.991393
P10540,Vietnam,12.21073401,109.1905672
P10542,Ecuador,-2.212682077,-79.82678847
P10547,Vietnam,9.166938889,105.1533556
P10548,India,8.659177252,78.09034309
P10549,India,20.38805556,85.88611111
P10550,Chile,-41.45538056,-72.96478333
P10552,Indonesia,2.910292066,99.00306072
P10554,India,16.424881,81.161657
P10555,China,21.29075,110.3143722
P10556,Thailand,7.85201,100.35114
P10557,India,22.81277778,88.54916667
P10560,China,20.01376111,110.2683056
P10562,India,13.66189841,80.00326763
P10567,India,22.69888889,88.46722222
P10568,India,22.70216111,88.47013056
P10570,Brazil,-9.421333333,-38.2069
P10571,India,9.885113889,76.29826111
P10574,Chile,-41.49198333,-73.03234444
P10575,India,17.10555556,82.09777778
P10576,Indonesia,-7.422629867,112.7202203
P10578,India,16.95758875,82.2350211
P10579,India,15.763998,80.028619
P10582,India,16.38497421,81.31377382
P10583,China,21.69265833,109.2328306
P10584,Malaysia,5.264328426,100.44596
P10585,United States,28.06434722,-81.98065
P10586,Canada,47.48153056,-55.8018
P10587,Ecuador,-2.193780556,-80.01386944
P10588,India,15.301266,80.039753
P10590,Ecuador,-2.287408692,-79.85845485
P10592,India,16.881099,82.184722
P10593,Iceland,63.83874,-22.4354919
P10594,China,34.53268717,118.0037427
P10596,India,17.69027721,83.19427292
P10597,Thailand,12.7778591,101.7272083
P10599,Poland,54.54253333,16.85042778
P10602,Panama,9.034472222,-79.45845556
P10603,China,25.4575,119.4386111
P10604,Vietnam,10.545733,106.394058
P10605,Indonesia,-6.262621308,106.5037831
P10606 (RP),United States,25.78816667,-80.33413333
P10607,Indonesia,-7.439633333,112.7215361
P10608,India,16.57556881,81.3352212
P10609,Indonesia,-8.167581,114.388267
P10611,Mexico,31.89966483,-116.7060144
P10612,Canada,46.4295,-62.71182222
P10613,India,15.75775278,80.33209444
P10616,Chile,-39.59564588,-72.21869187
P10619,Bangladesh,22.472778,89.361361
P10621 (RP),United States,39.15542222,-76.78203889
P10622,Chile,-41.45367778,-72.96484167
P10623,Indonesia,-6.105898334,106.8023993
P10624 (RP),United States,41.89,-87.68
P10626,China,21.677884,110.755103
P10627 (RP),Canada,49.1030459,-122.740508
P10628 (RP),USA,26.084546,-80.174135
P10630,India,21.72041,87.66177
P10631,India,21.494978,86.942657
P10634,Saudi Arabia,16.64390833,42.74615
P10636,India,10.387037,79.309212
P10637,Indonesia,-6.4361,106.9406278
P10638,China,29.36993333,112.3831667
P10640,India,22.79773611,89.58536111
P10643,India,16.466738,81.511761
P10644,Vietnam,9.23,105.42
P10645,Egypt,30.17431111,31.46871944
P10647,India,21.38005556,86.79801944
P10648,Mexico,28.83544722,-111.9599056
P10650,China,36.85,121.54
P10651,India,14.591392,79.966123
P10652,India,22.676925,88.44218056
P10653,Thailand,9.994988889,98.65267778
P10654,Vietnam,9.8,105.83
P10656,Bangladesh,22.36,91.78
P10658 (RP),USA,32.762775,-97.04961111
P10660,Vietnam,9.556944444,105.9426667
P10662 (RP),USA,25.94488889,-80.18963333
P10664,Singapore,1.330213889,103.7144056
P10665,China,39.20402222,122.3812944
P10666,United States,46.66711944,-123.812175
P10668,Peru,-3.6305,-80.57234444
P10670 (RP),USA,34.34400278,-78.01709167
P10671,China,19.9525,110.0833333
P10672,China,21.565315,111.061732
P10673,Brunei,4.79,114.65
P10674,Chile,-41.42647778,-73.08385833
P10675,Bangladesh,22.78893333,89.58826667
P10678,Bangladesh,22.84651944,89.538375
P10680,Indonesia,-7.118483333,112.4574167
P10681,Canada,43.76125556,-79.70119722
P10683,Chile,-41.46120556,-72.98202778
P10684,India,16.587221,81.64321
P10687,USA,47.86400556,-121.9996222
P10688,Chile,,
P10689,India,17.227297,82.134683
P10690,Turkey,37.43563889,27.36291667
P10691,India,22.565,88.07566667
P10692,Thailand,13.57596389,100.3082944
P10694,China,33,119
P10695,Indonesia,-7.693986111,114.0888278
P10696,Indonesia,3.595319444,99.07202222
P10697,New Zealand,-36.84093333,174.7565389
P10698,China,21.95131389,112.0939944
P10699,Ecuador,-2.721422222,-80.24446389
P10700,New Zealand,-36.83406944,175.6747417
P10701,United States,42.25350833,-84.50262778
P10702,India,22.25398889,73.19588889
P10704,Indonesia,-6.282847222,106.3488806
P10706,China,31.61441944,117.5663417
P10707,Chile,-42.3892,-73.67061111
P10709,United States,42.67391111,-114.7802694
P10710,Vietnam,10.54119722,105.533075
P10711,Bangladesh,22.79149167,89.58664722
P10715,Vietnam,9.17585,105.2795639
P10719,Indonesia,-5.402480556,105.3629778
P10722,China,37.39286,121.5632469
P10725,China,,
P10727,United Kingdom,58.21884444,-6.407758333
P10728,United Kingdom,56.25498889,-4.944302778
P10731,Chile,,
P10736,India,21.65496944,69.57524722
P10739,India,17.15471667,82.06824722
P10741,Philippines,14.90841111,120.823825
P10745,Mexico,29.01265,-110.9083361
P10750,Vietnam,9.284983333,105.7330194
P10751,Turkey,38.93533889,26.82748333
P10756,China,28.853375,118.8964861
P10762,Pangasius,10.33361111,106.276325
P10770,India,16.52042222,81.70505556
RP10001,United States,30.33516475,-81.68845096
RP10014,United States,47.54224966,-122.3380633
RP10020,United States,25.91791944,-97.47396944
RP10021,United States,42.33099147,-71.06571236
RP10026,United States,43.06141667,-70.79646667
RP10028,United States,42.6108784,-70.65191735
RP10030,Mexico,25.79825556,-108.9870194
RP10031,Canada,46.25471389,-63.10998333
RP10032,Canada,45.11573333,-66.82692778
RP10033,United States,44.64166667,-67.37845
RP10034,Chile,-41.51318243,-73.02905159
RP10035,Chile,-41.42654441,-73.0815156
RP10036,United States,27.99143427,-82.23694639
RP10037,United States,27.99277326,-82.16958024
RP10038,United States,33.98756944,-118.2076944
RP10039,United Kingdom,53.50686774,-2.958513987
RP10040,Chile,-41.45457676,-73.00857046
RP10041,United States,33.86318664,-118.232889
RP10042,United States,48.5200627,-122.6165227
RP10043,Canada,49.199775,-123.068088
RP10044,Chile,-41.44564655,-73.00918736
RP10045,United States,34.0026888,-118.2382884
RP10046,United States,42.59616667,-114.7515111
RP10047,United States,38.95771389,-74.87639722
RP10051,United States,42.60944444,-70.66319444
RP10052,United States,25.79288611,-80.32764167
RP10053,United States,41.76660833,-87.86080556
RP10170,United States,32.71469045,-87.59123125
RP10307,United States,42.34426111,-71.03554167
RP10635,Canada,49.09959444,-122.8027778
RP10686,United States,36.81426667,-76.477